
> @homenshum/nodekit@0.2.1 test
> npm run test:repository && npm run test:component


> @homenshum/nodekit@0.2.1 test:repository
> node scripts/test-files.mjs fast

TAP version 13
# Subtest: protected task inputs are nonce-bearing, archive-bound, and replay exact unseen transformations
ok 1 - protected task inputs are nonce-bearing, archive-bound, and replay exact unseen transformations
  ---
  duration_ms: 4.0785
  type: 'test'
  ...
# Subtest: protected research input authenticates immutable source excerpts and rejects invented packet changes
ok 2 - protected research input authenticates immutable source excerpts and rejects invented packet changes
  ---
  duration_ms: 0.3801
  type: 'test'
  ...
# Subtest: campaign plan is the exact 15-trial no-cherry-pick matrix
ok 3 - campaign plan is the exact 15-trial no-cherry-pick matrix
  ---
  duration_ms: 1.1979
  type: 'test'
  ...
# Subtest: campaign CLI parsing rejects unknown, duplicate, positional, and malformed flags
ok 4 - campaign CLI parsing rejects unknown, duplicate, positional, and malformed flags
  ---
  duration_ms: 0.4894
  type: 'test'
  ...
# Subtest: provider broker fails closed once its scoped credential is expired
ok 5 - provider broker fails closed once its scoped credential is expired
  ---
  duration_ms: 88.0009
  type: 'test'
  ...
# Subtest: independent source-pack comparison rejects a substituted archive
ok 6 - independent source-pack comparison rejects a substituted archive
  ---
  duration_ms: 0.4675
  type: 'test'
  ...
# Subtest: campaign planning fails closed on incomplete tasks or unproven lower-cost claims
ok 7 - campaign planning fails closed on incomplete tasks or unproven lower-cost claims
  ---
  duration_ms: 0.4575
  type: 'test'
  ...
# Subtest: official pricing snapshot must match authoritative raw rows and freshness
ok 8 - official pricing snapshot must match authoritative raw rows and freshness
  ---
  duration_ms: 0.8469
  type: 'test'
  ...
# Subtest: trial runner refuses mutable repository task lookup inputs
ok 9 - trial runner refuses mutable repository task lookup inputs
  ---
  duration_ms: 375.1226
  type: 'test'
  ...
# Subtest: coding-agent isolation rejects raw credential mounts and non-internal networks
ok 10 - coding-agent isolation rejects raw credential mounts and non-internal networks
  ---
  duration_ms: 3.375
  type: 'test'
  ...
# Subtest: trial and measurement validators bind the exact receipt and no-cherry-pick run set
ok 11 - trial and measurement validators bind the exact receipt and no-cherry-pick run set
  ---
  duration_ms: 19.8724
  type: 'test'
  ...
# Subtest: protected evaluator rejects candidate-authored and screenshot-root-tampered proof
ok 12 - protected evaluator rejects candidate-authored and screenshot-root-tampered proof
  ---
  duration_ms: 473.9829
  type: 'test'
  ...
# Subtest: researcher wraps a real process and receives exact stdout plus a completed static report
ok 13 - researcher wraps a real process and receives exact stdout plus a completed static report
  ---
  duration_ms: 372.3582
  type: 'test'
  ...
# Subtest: failing coding agent preserves stderr and returns the same honest nonzero exit
ok 14 - failing coding agent preserves stderr and returns the same honest nonzero exit
  ---
  duration_ms: 580.1405
  type: 'test'
  ...
# Subtest: degraded process exceeds its budget, is terminated, and still publishes partial evidence
ok 15 - degraded process exceeds its budget, is terminated, and still publishes partial evidence
  ---
  duration_ms: 2522.1012
  type: 'test'
  ...
# Subtest: adversarial high-volume output remains bounded while total bytes and full digests stay honest
ok 16 - adversarial high-volume output remains bounded while total bytes and full digests stay honest
  ---
  duration_ms: 327.9768
  type: 'test'
  ...
# Subtest: two researchers launch concurrently without sharing run IDs or corrupting stable session identity
ok 17 - two researchers launch concurrently without sharing run IDs or corrupting stable session identity
  ---
  duration_ms: 624.0778
  type: 'test'
  ...
# Subtest: sustained sequential use deterministically retains only the newest bounded run set
ok 18 - sustained sequential use deterministically retains only the newest bounded run set
  ---
  duration_ms: 574.687
  type: 'test'
  ...
# Subtest: untrusted HTML and shell metacharacters stay escaped in the report and literal in argv
ok 19 - untrusted HTML and shell metacharacters stay escaped in the report and literal in argv
  ---
  duration_ms: 239.6011
  type: 'test'
  ...
# Subtest: operator rejects missing commands, broad output roots, absurd timeouts, and huge goals
ok 20 - operator rejects missing commands, broad output roots, absurd timeouts, and huge goals
  ---
  duration_ms: 323.9028
  type: 'test'
  ...
# Subtest: a spawn failure lands in the receipt as one bounded line, never a raw error dump
ok 21 - a spawn failure lands in the receipt as one bounded line, never a raw error dump
  ---
  duration_ms: 31.6509
  type: 'test'
  ...
# Subtest: an operator gets a durable failed receipt when an oversized program component prevents launch
ok 22 - an operator gets a durable failed receipt when an oversized program component prevents launch
  ---
  duration_ms: 32.2767
  type: 'test'
  ...
# Subtest: the ranker filters on hard constraints BEFORE it scores, and every excluded row is counted
ok 23 - the ranker filters on hard constraints BEFORE it scores, and every excluded row is counted
  ---
  duration_ms: 833.8234
  type: 'test'
  ...
# Subtest: a finance-dashboard agent runs the full four-stage ladder and every stage stays fail-closed
ok 24 - a finance-dashboard agent runs the full four-stage ladder and every stage stays fail-closed
  ---
  duration_ms: 329.0251
  type: 'test'
  ...
# Subtest: ranking is byte-for-byte deterministic across runs and the ranker identity is bound to its weights
ok 25 - ranking is byte-for-byte deterministic across runs and the ranker identity is bound to its weights
  ---
  duration_ms: 222.4696
  type: 'test'
  ...
# Subtest: a license-incompatible asset is filtered out before it is ever scored
ok 26 - a license-incompatible asset is filtered out before it is ever scored
  ---
  duration_ms: 200.7669
  type: 'test'
  ...
# Subtest: the ladder abstains with zero rows when nothing matches
ok 27 - the ladder abstains with zero rows when nothing matches
  ---
  duration_ms: 350.8277
  type: 'test'
  ...
# Subtest: the tokenizer matches short language terms the knowledge tokenizer would silently drop
ok 28 - the tokenizer matches short language terms the knowledge tokenizer would silently drop
  ---
  duration_ms: 1486.1295
  type: 'test'
  ...
# Subtest: a stale index hash short-circuits a stage with zero work
ok 29 - a stale index hash short-circuits a stage with zero work
  ---
  duration_ms: 482.1453
  type: 'test'
  ...
# Subtest: the recipe refuses rather than truncating when a file will not fit the budget
ok 30 - the recipe refuses rather than truncating when a file will not fit the budget
  ---
  duration_ms: 635.6762
  type: 'test'
  ...
# Subtest: the MCP surface exposes the eight tools and returns byte-identical payloads to the ladder functions
ok 31 - the MCP surface exposes the eight tools and returns byte-identical payloads to the ladder functions
  ---
  duration_ms: 786.0354
  type: 'test'
  ...
# Subtest: the rung-3 recipe validates against the fat recipe schema, and a thinned entry still validates and ranks
ok 32 - the rung-3 recipe validates against the fat recipe schema, and a thinned entry still validates and ranks
  ---
  duration_ms: 353.5886
  type: 'test'
  ...
# Subtest: nodekit atlas serve --mcp answers a real newline-delimited JSON-RPC handshake over a pipe
ok 33 - nodekit atlas serve --mcp answers a real newline-delimited JSON-RPC handshake over a pipe
  ---
  duration_ms: 869.0171
  type: 'test'
  ...
# Subtest: Atlas registers a vendored asset and an interaction flow that round-trip through the store
ok 34 - Atlas registers a vendored asset and an interaction flow that round-trip through the store
  ---
  duration_ms: 714.0047
  type: 'test'
  ...
# Subtest: Atlas refuses a malformed asset at the schema boundary rather than storing it
ok 35 - Atlas refuses a malformed asset at the schema boundary rather than storing it
  ---
  duration_ms: 150.3796
  type: 'test'
  ...
# Subtest: a reference-only asset has no code path to vendored bytes and no document that carries them validates
ok 36 - a reference-only asset has no code path to vendored bytes and no document that carries them validates
  ---
  duration_ms: 92.1899
  type: 'test'
  ...
# Subtest: Atlas is idempotent for unchanged bytes, immutable for changed ones, and refuses escaping paths
ok 37 - Atlas is idempotent for unchanged bytes, immutable for changed ones, and refuses escaping paths
  ---
  duration_ms: 136.678
  type: 'test'
  ...
# Subtest: the nodekit atlas CLI prints usage, initializes, and lists with matching exit codes
ok 38 - the nodekit atlas CLI prints usage, initializes, and lists with matching exit codes
  ---
  duration_ms: 2113.0088
  type: 'test'
  ...
# Subtest: a well-formed record validates and passes the gate
ok 39 - a well-formed record validates and passes the gate
  ---
  duration_ms: 212.518
  type: 'test'
  ...
# Subtest: research captured after the design could only justify it
ok 40 - research captured after the design could only justify it
  ---
  duration_ms: 0.5466
  type: 'test'
  ...
# Subtest: inferring a stack while never asking for the document that states it
ok 41 - inferring a stack while never asking for the document that states it
  ---
  duration_ms: 0.4018
  type: 'test'
  ...
# Subtest: asked and refused is an answer; never chased is not
ok 42 - asked and refused is an answer; never chased is not
  ---
  duration_ms: 0.2472
  type: 'test'
  ...
# Subtest: a hunch about the audience cannot override a stack they explicitly named
ok 43 - a hunch about the audience cannot override a stack they explicitly named
  ---
  duration_ms: 0.3
  type: 'test'
  ...
# Subtest: the index answers which code owns a behavior and which test proves each scenario
ok 44 - the index answers which code owns a behavior and which test proves each scenario
  ---
  duration_ms: 134.3344
  type: 'test'
  ...
# Subtest: a declared behavior no code claims is reported unmapped rather than assumed present
ok 45 - a declared behavior no code claims is reported unmapped rather than assumed present
  ---
  duration_ms: 19.519
  type: 'test'
  ...
# Subtest: a behavior proved for only some of its required scenarios is partial, and names the missing one
ok 46 - a behavior proved for only some of its required scenarios is partial, and names the missing one
  ---
  duration_ms: 37.4448
  type: 'test'
  ...
# Subtest: annotations naming an undeclared behavior are surfaced as drift, not ignored
ok 47 - annotations naming an undeclared behavior are surfaced as drift, not ignored
  ---
  duration_ms: 42.6554
  type: 'test'
  ...
# Subtest: an annotation quoted inside a string literal is not counted as a real claim
ok 48 - an annotation quoted inside a string literal is not counted as a real claim
  ---
  duration_ms: 69.6441
  type: 'test'
  ...
# Subtest: every ledger invariant resolves to an owning symbol, and the answer is a definition not a filename
ok 49 - every ledger invariant resolves to an owning symbol, and the answer is a definition not a filename
  ---
  duration_ms: 519.5176
  type: 'test'
  ...
# Subtest: an invariant whose proof is only a test filename is reported as gestured at, not as verified
ok 50 - an invariant whose proof is only a test filename is reported as gestured at, not as verified
  ---
  duration_ms: 44.1596
  type: 'test'
  ...
# Subtest: every ledger invariant in this repository is fully bound: a symbol owns it and an assertion proves it
ok 51 - every ledger invariant in this repository is fully bound: a symbol owns it and an assertion proves it
  ---
  duration_ms: 197.7334
  type: 'test'
  ...
# Subtest: an invariant pointing at a verifier file that no longer exists is reported, not ignored
ok 52 - an invariant pointing at a verifier file that no longer exists is reported, not ignored
  ---
  duration_ms: 25.9474
  type: 'test'
  ...
# Subtest: every behavior this repository declares is owned by a real symbol and the committed index is current
not ok 53 - every behavior this repository declares is owned by a real symbol and the committed index is current
  ---
  duration_ms: 206.3355
  type: 'test'
  location: 'D:\\VSCode Projects\\node-platform\\.worktrees\\project-consolidation-20260904\\test\\behavior-index.test.mjs:270:1'
  failureType: 'testCodeFailure'
  error: |-
    behavior-index.json is stale — run `npm run behavior:index`
    + actual - expected
    ... Skipped lines
    
      {
        behaviors: [
          {
            behaviorId: 'journey.stage.advance',
            implementationGaps: [],
    ...
            file: 'src/lib/evolution-ledger.mjs',
    +       line: 660
    -       line: 741
          },
          {
            behaviorId: 'journey.explain.produce-story',
            file: 'src/lib/story-pack-producer.mjs',
            line: 394
    
  code: 'ERR_ASSERTION'
  name: 'AssertionError'
  expected:
    schemaVersion: 'nodekit.behavior-index/v1'
    generatedBy: 'src/lib/behavior-index.mjs'
    regenerate: 'npm run behavior:index'
    counts:
      declared: 6
      mapped: 6
      unmapped: 0
      verified: 6
      partial: 0
      unverified: 0
      orphanAnnotations: 31
    behaviors:
      0:
        behaviorId: 'journey.stage.advance'
        statement: "A builder case advances a stage only when that stage's handoff artifact exists and a receipt binds it by content hash."
        implementationState: 'mapped'
        verificationState: 'verified'
        owners:
          0:
            file: 'src/lib/builder-journey.mjs'
            symbol: 'advanceStage'
            line: 168
        supporting:
        requiredScenarios:
          0: 'blocked-without-handoff'
          1: 'advances-when-bound'
          2: 'forged-binding-stays-blocked'
        provenScenarios:
          0: 'blocked-without-handoff'
          1: 'advances-when-bound'
          2: 'forged-binding-stays-blocked'
        verifiedBy:
          0:
            scenario: 'blocked-without-handoff'
            file: 'test/builder-journey.test.mjs'
            line: 35
          1:
            scenario: 'advances-when-bound'
            file: 'test/builder-journey.test.mjs'
            line: 51
          2:
            scenario: 'forged-binding-stays-blocked'
            file: 'test/builder-journey.test.mjs'
            line: 78
        implementationGaps:
        verificationGaps:
      1:
        behaviorId: 'journey.build.produce-evidence'
        statement: 'A BuildEvidencePack is produced only from generated evidence — digested bytes and recorded exit codes — with every contract decision explicitly dispositioned, so a silent honour or a fabricated evidence path refuses the pack instead of shipping inside it.'
        implementationState: 'mapped'
        verificationState: 'verified'
        owners:
          0:
            file: 'src/lib/build-evidence-producer.mjs'
            symbol: 'produceBuildEvidencePack'
            line: 173
        supporting:
        requiredScenarios:
          0: 'every-pointer-dispositioned-no-silent-honour'
          1: 'fabricated-evidence-refuses-the-pack'
          2: 'produced-pack-walks-the-chain'
        provenScenarios:
          0: 'every-pointer-dispositioned-no-silent-honour'
          1: 'fabricated-evidence-refuses-the-pack'
          2: 'produced-pack-walks-the-chain'
        verifiedBy:
          0:
            scenario: 'every-pointer-dispositioned-no-silent-honour'
            file: 'test/build-evidence-producer.test.mjs'
            line: 62
          1:
            scenario: 'fabricated-evidence-refuses-the-pack'
            file: 'test/build-evidence-producer.test.mjs'
            line: 193
          2:
            scenario: 'produced-pack-walks-the-chain'
            file: 'test/build-evidence-producer.test.mjs'
            line: 262
        implementationGaps:
        verificationGaps:
      2:
        behaviorId: 'decide.compile-to-build'
        statement: 'An approved OpportunityContract compiles into the product design contract the build stage reads, carrying the protected decisions.'
        implementationState: 'mapped'
        verificationState: 'verified'
        owners:
          0:
            file: 'src/lib/opportunity-compiler.mjs'
            symbol: 'compileOpportunityToBuild'
            line: 53
        supporting:
          0:
            file: 'src/lib/opportunity-compiler.mjs'
            symbol: 'materializeBuildPacket'
            line: 127
        requiredScenarios:
          0: 'decisions-carried-and-protected'
          1: 'prohibitions-survive'
          2: 'packet-accepted-by-planner'
        provenScenarios:
          0: 'packet-accepted-by-planner'
          1: 'decisions-carried-and-protected'
          2: 'prohibitions-survive'
        verifiedBy:
          0:
            scenario: 'packet-accepted-by-planner'
            file: 'test/opportunity-build-packet.test.mjs'
            line: 18
          1:
            scenario: 'decisions-carried-and-protected'
            file: 'test/opportunity-compiler.test.mjs'
            line: 19
          2:
            scenario: 'prohibitions-survive'
            file: 'test/opportunity-compiler.test.mjs'
            line: 35
        implementationGaps:
        verificationGaps:
      3:
        behaviorId: 'orientation.tour'
        statement: 'The codebase tour reports a pass only for a step it observed, and exits non-zero when a step it names is genuinely absent.'
        implementationState: 'mapped'
        verificationState: 'verified'
        owners:
          0:
            file: 'src/cli-main.mjs'
            symbol: 'runTour'
            line: 844
        supporting:
          0:
            file: 'src/lib/repo-map.mjs'
            symbol: 'buildRepoMap'
            line: 69
        requiredScenarios:
          0: 'verified-and-explained-steps-separated'
          1: 'fails-closed-on-missing-part'
        provenScenarios:
          0: 'verified-and-explained-steps-separated'
          1: 'fails-closed-on-missing-part'
        verifiedBy:
          0:
            scenario: 'verified-and-explained-steps-separated'
            file: 'test/repo-tour.test.mjs'
            line: 28
          1:
            scenario: 'fails-closed-on-missing-part'
            file: 'test/repo-tour.test.mjs'
            line: 79
        implementationGaps:
        verificationGaps:
      4:
        behaviorId: 'language.copy-audit'
        statement: 'Newcomer-facing copy is blocked when it uses a NodeKit term the glossary does not define or does not point a reader to.'
        implementationState: 'mapped'
        verificationState: 'verified'
        owners:
          0:
            file: 'src/lib/copy-audit.mjs'
            symbol: 'auditCopy'
            line: 53
        supporting:
        requiredScenarios:
          0: 'undefined-term-blocks'
          1: 'unreachable-glossary-blocks'
          2: 'identifiers-not-flagged'
        provenScenarios:
          0: 'undefined-term-blocks'
          1: 'unreachable-glossary-blocks'
          2: 'identifiers-not-flagged'
        verifiedBy:
          0:
            scenario: 'undefined-term-blocks'
            file: 'test/copy-audit.test.mjs'
            line: 29
          1:
            scenario: 'unreachable-glossary-blocks'
            file: 'test/copy-audit.test.mjs'
            line: 43
          2:
            scenario: 'identifiers-not-flagged'
            file: 'test/copy-audit.test.mjs'
            line: 58
        implementationGaps:
        verificationGaps:
      5:
        behaviorId: 'studio.motion-portability'
        statement: 'A copied motion recipe is blocked when one static token name resolves to different behavior, and migration aliases preserve observed values unless a disclosed owner decision changes them.'
        implementationState: 'mapped'
        verificationState: 'verified'
        owners:
          0:
            file: 'src/lib/motion-portability.mjs'
            symbol: 'compareMotionPortability'
            line: 285
        supporting:
        requiredScenarios:
          0: 'detects-silent-cross-repo-drift'
          1: 'normalizes-equivalent-values'
          2: 'incomplete-coverage-is-not-run'
          3: 'aliases-preserve-behavior'
        provenScenarios:
          0: 'detects-silent-cross-repo-drift'
          1: 'normalizes-equivalent-values'
          2: 'incomplete-coverage-is-not-run'
          3: 'aliases-preserve-behavior'
        verifiedBy:
          0:
            scenario: 'detects-silent-cross-repo-drift'
            file: 'test/motion-portability.test.mjs'
            line: 46
          1:
            scenario: 'normalizes-equivalent-values'
            file: 'test/motion-portability.test.mjs'
            line: 124
          2:
            scenario: 'incomplete-coverage-is-not-run'
            file: 'test/motion-portability.test.mjs'
            line: 150
          3:
            scenario: 'aliases-preserve-behavior'
            file: 'test/motion-portability.test.mjs'
            line: 168
        implementationGaps:
        verificationGaps:
    invariantCoverage:
      available: true
      counts:
        total: 24
        annotatedSymbol: 24
        namedFileOnly: 0
        unowned: 0
        annotatedTest: 24
        namedTestFileOnly: 0
        unverified: 0
        fullyBound: 24
        withMissingRefs: 0
      invariants:
        0:
          invariantId: 'inv:build-packet-carries-opportunity'
          status: 'partially-verified'
          ownership: 'annotated-symbol'
          owners:
            0:
              file: 'src/lib/opportunity-compiler.mjs'
              symbol: 'materializeBuildPacket'
              line: 128
          namedSourceFiles:
            0: 'src/lib/opportunity-compiler.mjs'
          verification: 'annotated-test'
          provenBy:
            0:
              scenario: 'packet-accepted-by-planner'
              file: 'test/opportunity-build-packet.test.mjs'
              line: 19
          namedTestFiles:
            0: 'test/opportunity-build-packet.test.mjs'
          verifierRefs:
            0: 'src/lib/opportunity-compiler.mjs'
            1: 'test/opportunity-build-packet.test.mjs'
          missingVerifierRefs:
          gaps:
        1:
          invariantId: 'inv:builder-gym-cas-publishes-complete-bytes'
          status: 'verified'
          ownership: 'annotated-symbol'
          owners:
            0:
              file: 'src/lib/builder-gym.mjs'
              symbol: 'writeContentAddressedJson'
              line: 138
          namedSourceFiles:
            0: 'src/lib/builder-gym.mjs'
          verification: 'annotated-test'
          provenBy:
            0:
              scenario: 'burst-and-sustained-contention'
              file: 'test/builder-gym.test.mjs'
              line: 550
          namedTestFiles:
            0: 'test/builder-gym.test.mjs'
          verifierRefs:
            0: 'src/lib/builder-gym.mjs'
            1: 'test/builder-gym.test.mjs'
          missingVerifierRefs:
          gaps:
        2:
          invariantId: 'inv:builder-journey-stage-handoff'
          status: 'partially-verified'
          ownership: 'annotated-symbol'
          owners:
            0:
              file: 'src/lib/builder-journey.mjs'
              symbol: 'advanceStage'
              line: 169
          namedSourceFiles:
            0: 'src/lib/builder-journey.mjs'
          verification: 'annotated-test'
          provenBy:
            0:
              scenario: 'blocked-without-handoff'
              file: 'test/builder-journey.test.mjs'
              line: 36
            1:
              scenario: 'forged-binding-blocked'
              file: 'test/builder-journey.test.mjs'
              line: 79
          namedTestFiles:
            0: 'test/builder-journey.test.mjs'
          verifierRefs:
            0: 'src/lib/builder-journey.mjs'
            1: 'test/builder-journey.test.mjs'
          missingVerifierRefs:
          gaps:
        3:
          invariantId: 'inv:caseflow-idempotent-retries'
          status: 'verified'
          ownership: 'annotated-symbol'
          owners:
            0:
              file: 'src/lib/caseflow-conformance.mjs'
              symbol: 'runCaseflowConformance'
              line: 5
          namedSourceFiles:
            0: 'src/lib/caseflow-conformance.mjs'
          verification: 'annotated-test'
          provenBy:
            0:
              scenario: 'idempotent-retry'
              file: 'test/caseflow.test.mjs'
              line: 13
          namedTestFiles:
            0: 'test/caseflow.test.mjs'
          verifierRefs:
            0: 'src/lib/caseflow-conformance.mjs'
            1: 'test/caseflow.test.mjs'
          missingVerifierRefs:
          gaps:
        4:
          invariantId: 'inv:caseflow-receipt-retry-containment'
          status: 'partially-verified'
          ownership: 'annotated-symbol'
          owners:
            0:
              file: 'src/lib/caseflow-conformance.mjs'
              symbol: 'runCaseflowConformance'
              line: 6
          namedSourceFiles:
            0: 'src/lib/caseflow-conformance.mjs'
            1: 'src/component/caseflow.test.ts'
          verification: 'annotated-test'
          provenBy:
            0:
              scenario: 'retry-contained'
              file: 'test/caseflow.test.mjs'
              line: 300
          namedTestFiles:
            0: 'test/caseflow.test.mjs'
          verifierRefs:
            0: 'src/lib/caseflow-conformance.mjs'
            1: 'test/caseflow.test.mjs'
            2: 'src/component/caseflow.test.ts'
          missingVerifierRefs:
          gaps:
        5:
          invariantId: 'inv:consumer-package-verification-lifecycle-free'
          status: 'verified'
          ownership: 'annotated-symbol'
          owners:
            0:
              file: 'src/lib/consumer-package-preparation.mjs'
              symbol: 'inspectTrackedNodeKitDistribution'
              line: 201
          namedSourceFiles:
            0: 'src/lib/consumer-package-preparation.mjs'
          verification: 'annotated-test'
          provenBy:
            0:
              scenario: 'missing-helper-does-not-run'
              file: 'test/consumer-package-preparation.test.mjs'
              line: 183
          namedTestFiles:
            0: 'test/consumer-package-preparation.test.mjs'
          verifierRefs:
            0: 'src/lib/consumer-package-preparation.mjs'
            1: 'test/consumer-package-preparation.test.mjs'
          missingVerifierRefs:
          gaps:
        6:
          invariantId: 'inv:copy-claims-gate-lies-not-taste'
          status: 'partially-verified'
          ownership: 'annotated-symbol'
          owners:
            0:
              file: 'src/lib/copy-claims.mjs'
              symbol: 'auditCopyClaims'
              line: 93
          namedSourceFiles:
            0: 'src/lib/copy-claims.mjs'
          verification: 'annotated-test'
          provenBy:
            0:
              scenario: 'fabrication-caught-against-source'
              file: 'test/copy-claims.test.mjs'
              line: 9
            1:
              scenario: 'style-never-blocks'
              file: 'test/copy-claims.test.mjs'
              line: 85
          namedTestFiles:
            0: 'test/copy-claims.test.mjs'
          verifierRefs:
            0: 'src/lib/copy-claims.mjs'
            1: 'test/copy-claims.test.mjs'
          missingVerifierRefs:
          gaps:
        7:
          invariantId: 'inv:domain-blank-create'
          status: 'verified'
          ownership: 'annotated-symbol'
          owners:
            0:
              file: 'src/lib/scaffold.mjs'
              symbol: 'createProject'
              line: 314
          namedSourceFiles:
          verification: 'annotated-test'
          provenBy:
            0:
              scenario: 'preset-rejected'
              file: 'test/factory.test.mjs'
              line: 88
          namedTestFiles:
            0: 'test/factory.test.mjs'
          verifierRefs:
            0: 'test/factory.test.mjs#primary-create-rejects-domain-presets'
          missingVerifierRefs:
          gaps:
        8:
          invariantId: 'inv:exact-candidate-evidence'
          status: 'verified'
          ownership: 'annotated-symbol'
          owners:
            0:
              file: 'src/lib/submission-gate.mjs'
              symbol: 'evaluateSubmissionManifest'
              line: 2336
          namedSourceFiles:
            0: 'src/lib/submission-gate.mjs'
            1: 'src/lib/submission-preparation.mjs'
          verification: 'annotated-test'
          provenBy:
            0:
              scenario: 'candidate-identity-bound'
              file: 'test/submission-gate.test.mjs'
              line: 142
          namedTestFiles:
            0: 'test/submission-gate.test.mjs'
            1: 'test/submission-preparation.test.mjs'
          verifierRefs:
            0: 'src/lib/submission-gate.mjs'
            1: 'src/lib/submission-preparation.mjs'
            2: 'test/submission-gate.test.mjs'
            3: 'test/submission-preparation.test.mjs'
          missingVerifierRefs:
          gaps:
        9:
          invariantId: 'inv:guided-intake-mobile-decisions'
          status: 'partially-verified'
          ownership: 'annotated-symbol'
          owners:
            0:
              file: 'templates/base/scripts/browser-certify.mjs'
              symbol: 'verifyExportedProof'
              line: 109
          namedSourceFiles:
            0: 'templates/base/scripts/browser-certify.mjs'
          verification: 'annotated-test'
          provenBy:
            0:
              scenario: 'one-next-action-per-state'
              file: 'test/ease-proof.test.mjs'
              line: 89
          namedTestFiles:
            0: 'test/ease-proof.test.mjs'
          verifierRefs:
            0: 'test/ease-proof.test.mjs'
            1: 'templates/base/scripts/browser-certify.mjs'
          missingVerifierRefs:
          gaps:
        10:
          invariantId: 'inv:invariant-proof-is-bound'
          status: 'partially-verified'
          ownership: 'annotated-symbol'
          owners:
            0:
              file: 'src/lib/behavior-index.mjs'
              symbol: 'coverLedgerInvariants'
              line: 100
          namedSourceFiles:
            0: 'src/lib/behavior-index.mjs'
          verification: 'annotated-test'
          provenBy:
            0:
              scenario: 'proof-bound-to-assertion'
              file: 'test/behavior-index.test.mjs'
              line: 177
          namedTestFiles:
            0: 'test/behavior-index.test.mjs'
          verifierRefs:
            0: 'src/lib/behavior-index.mjs'
            1: 'test/behavior-index.test.mjs'
          missingVerifierRefs:
          gaps:
        11:
          invariantId: 'inv:major-frontend-direction-tournament'
          status: 'partially-verified'
          ownership: 'annotated-symbol'
          owners:
            0:
              file: 'src/lib/frontend-specialist.mjs'
              symbol: 'evaluateFrontendTournament'
              line: 224
          namedSourceFiles:
            0: 'src/lib/frontend-specialist.mjs'
          verification: 'annotated-test'
          provenBy:
            0:
              scenario: 'decisive-from-receipts'
              file: 'test/frontend-specialist.test.mjs'
              line: 86
          namedTestFiles:
            0: 'test/frontend-specialist.test.mjs'
          verifierRefs:
            0: 'src/lib/frontend-specialist.mjs'
            1: 'test/frontend-specialist.test.mjs'
          missingVerifierRefs:
          gaps:
        12:
          invariantId: 'inv:measurement-is-not-permission'
          status: 'partially-verified'
          ownership: 'annotated-symbol'
          owners:
            0:
              file: 'src/lib/friction-loop.mjs'
              symbol: 'adoptRepair'
              line: 124
          namedSourceFiles:
            0: 'src/lib/friction-loop.mjs'
          verification: 'annotated-test'
          provenBy:
            0:
              scenario: 'passing-comparison-is-not-permission'
              file: 'test/friction-loop-end-to-end.test.mjs'
              line: 39
          namedTestFiles:
            0: 'test/friction-loop-end-to-end.test.mjs'
            1: 'test/friction-loop.test.mjs'
          verifierRefs:
            0: 'src/lib/friction-loop.mjs'
            1: 'test/friction-loop-end-to-end.test.mjs'
            2: 'test/friction-loop.test.mjs'
          missingVerifierRefs:
          gaps:
        13:
          invariantId: 'inv:opportunity-carries-to-build'
          status: 'partially-verified'
          ownership: 'annotated-symbol'
          owners:
            0:
              file: 'src/lib/opportunity-compiler.mjs'
              symbol: 'compileOpportunityToBuild'
              line: 54
          namedSourceFiles:
            0: 'src/lib/opportunity-compiler.mjs'
          verification: 'annotated-test'
          provenBy:
            0:
              scenario: 'decisions-protected'
              file: 'test/opportunity-compiler.test.mjs'
              line: 20
          namedTestFiles:
            0: 'test/opportunity-compiler.test.mjs'
          verifierRefs:
            0: 'src/lib/opportunity-compiler.mjs'
            1: 'test/opportunity-compiler.test.mjs'
          missingVerifierRefs:
          gaps:
        14:
          invariantId: 'inv:ownership-resolves-to-symbol'
          status: 'partially-verified'
          ownership: 'annotated-symbol'
          owners:
            0:
              file: 'src/lib/behavior-index.mjs'
              symbol: 'coverLedgerInvariants'
              line: 99
          namedSourceFiles:
            0: 'src/lib/behavior-index.mjs'
          verification: 'annotated-test'
          provenBy:
            0:
              scenario: 'every-invariant-owned'
              file: 'test/behavior-index.test.mjs'
              line: 150
            1:
              scenario: 'verifier-rot-reported'
              file: 'test/behavior-index.test.mjs'
              line: 237
          namedTestFiles:
            0: 'test/behavior-index.test.mjs'
          verifierRefs:
            0: 'src/lib/behavior-index.mjs'
            1: 'test/behavior-index.test.mjs'
          missingVerifierRefs:
          gaps:
        15:
          invariantId: 'inv:postgres-caseflow-conformance'
          status: 'verified'
          ownership: 'annotated-symbol'
          owners:
            0:
              file: 'src/lib/caseflow-conformance.mjs'
              symbol: 'runCaseflowConformance'
              line: 7
          namedSourceFiles:
            0: 'scripts/run-postgres-conformance.mjs'
          verification: 'annotated-test'
          provenBy:
            0:
              scenario: 'adapter-conforms'
              file: 'test/postgres-adapter.test.mjs'
              line: 11
          namedTestFiles:
            0: 'test/postgres-adapter.test.mjs'
          verifierRefs:
            0: 'scripts/run-postgres-conformance.mjs'
            1: 'test/postgres-adapter.test.mjs'
            2: 'proof/postgres-conformance.json'
          missingVerifierRefs:
          gaps:
        16:
          invariantId: 'inv:rendered-browser-evidence'
          status: 'verified'
          ownership: 'annotated-symbol'
          owners:
            0:
              file: 'templates/base/scripts/browser-certify.mjs'
              symbol: 'verifyExportedProof'
              line: 108
          namedSourceFiles:
            0: 'templates/base/scripts/browser-certify.mjs'
          verification: 'annotated-test'
          provenBy:
            0:
              scenario: 'browser-evidence-bound'
              file: 'test/ease-proof.test.mjs'
              line: 8
          namedTestFiles:
            0: 'test/ease-proof.test.mjs'
          verifierRefs:
            0: 'templates/base/scripts/browser-certify.mjs'
            1: 'test/ease-proof.test.mjs'
          missingVerifierRefs:
          gaps:
        17:
          invariantId: 'inv:repair-approval-is-signed'
          status: 'partially-verified'
          ownership: 'annotated-symbol'
          owners:
            0:
              file: 'src/lib/repair-approval.mjs'
              symbol: 'verifyRepairPromotionApproval'
              line: 86
          namedSourceFiles:
            0: 'src/lib/repair-approval.mjs'
            1: 'src/lib/friction-loop.mjs'
          verification: 'annotated-test'
          provenBy:
            0:
              scenario: 'untrusted-key-refused'
              file: 'test/repair-approval.test.mjs'
              line: 57
            1:
              scenario: 'cross-domain-forgery-refused'
              file: 'test/repair-approval.test.mjs'
              line: 75
          namedTestFiles:
            0: 'test/repair-approval.test.mjs'
          verifierRefs:
            0: 'src/lib/repair-approval.mjs'
            1: 'test/repair-approval.test.mjs'
            2: 'src/lib/friction-loop.mjs'
          missingVerifierRefs:
          gaps:
        18:
          invariantId: 'inv:repair-cannot-self-approve'
          status: 'partially-verified'
          ownership: 'annotated-symbol'
          owners:
            0:
              file: 'src/lib/friction-loop.mjs'
              symbol: 'adoptRepair'
              line: 123
          namedSourceFiles:
            0: 'src/lib/friction-loop.mjs'
          verification: 'annotated-test'
          provenBy:
            0:
              scenario: 'self-approval-blocked'
              file: 'test/friction-loop.test.mjs'
              line: 71
          namedTestFiles:
            0: 'test/friction-loop.test.mjs'
          verifierRefs:
            0: 'src/lib/friction-loop.mjs'
            1: 'test/friction-loop.test.mjs'
          missingVerifierRefs:
          gaps:
        19:
          invariantId: 'inv:source-bound-decisive-verdicts'
          status: 'partially-verified'
          ownership: 'annotated-symbol'
          owners:
            0:
              file: 'src/lib/submission-gate.mjs'
              symbol: 'evaluateSubmissionManifest'
              line: 2337
          namedSourceFiles:
            0: 'src/lib/submission-gate.mjs'
            1: 'src/lib/submission-preparation.mjs'
          verification: 'annotated-test'
          provenBy:
            0:
              scenario: 'evidence-source-bound'
              file: 'test/submission-gate.test.mjs'
              line: 234
          namedTestFiles:
            0: 'test/submission-gate.test.mjs'
            1: 'test/submission-preparation.test.mjs'
            2: 'test/submission-verdict-schemas.test.mjs'
          verifierRefs:
            0: 'src/lib/submission-gate.mjs'
            1: 'src/lib/submission-preparation.mjs'
            2: 'test/submission-gate.test.mjs'
            3: 'test/submission-preparation.test.mjs'
            4: 'test/submission-verdict-schemas.test.mjs'
          missingVerifierRefs:
          gaps:
        20:
          invariantId: 'inv:stable-caseflow-package-entrypoint'
          status: 'verified'
          ownership: 'annotated-symbol'
          owners:
            0:
              file: 'src/caseflow.mjs'
              symbol: '(module exports)'
              line: 1
          namedSourceFiles:
            0: 'src/caseflow.mjs'
          verification: 'annotated-test'
          provenBy:
            0:
              scenario: 'entrypoint-surface-stable'
              file: 'test/public-api.test.mjs'
              line: 57
          namedTestFiles:
            0: 'test/public-api.test.mjs'
          verifierRefs:
            0: 'package.json'
            1: 'src/caseflow.mjs'
            2: 'test/public-api.test.mjs'
          missingVerifierRefs:
          gaps:
        21:
          invariantId: 'inv:studio-boundary-declares-gaps'
          status: 'partially-verified'
          ownership: 'annotated-symbol'
          owners:
            0:
              file: 'src/studio.mjs'
              symbol: 'studioCapability'
              line: 126
          namedSourceFiles:
            0: 'src/studio.mjs'
          verification: 'annotated-test'
          provenBy:
            0:
              scenario: 'reexports-not-forks'
              file: 'test/studio-boundary.test.mjs'
              line: 31
            1:
              scenario: 'readiness-derived-from-gaps'
              file: 'test/studio-boundary.test.mjs'
              line: 51
          namedTestFiles:
            0: 'test/studio-boundary.test.mjs'
          verifierRefs:
            0: 'src/studio.mjs'
            1: 'test/studio-boundary.test.mjs'
          missingVerifierRefs:
          gaps:
        22:
          invariantId: 'inv:submission-cli-explicit-options'
          status: 'verified'
          ownership: 'annotated-symbol'
          owners:
            0:
              file: 'src/lib/submission-preparation.mjs'
              symbol: 'prepareSubmissionManifest'
              line: 82
          namedSourceFiles:
          verification: 'annotated-test'
          provenBy:
            0:
              scenario: 'named-options-accepted'
              file: 'test/submission-cli.test.mjs'
              line: 27
            1:
              scenario: 'unknown-options-refused'
              file: 'test/submission-cli.test.mjs'
              line: 48
          namedTestFiles:
            0: 'test/submission-cli.test.mjs'
          verifierRefs:
            0: 'test/submission-cli.test.mjs'
          missingVerifierRefs:
          gaps:
        23:
          invariantId: 'inv:tour-verifies-what-it-claims'
          status: 'partially-verified'
          ownership: 'annotated-symbol'
          owners:
            0:
              file: 'src/cli-main.mjs'
              symbol: 'runTour'
              line: 845
          namedSourceFiles:
            0: 'src/cli.mjs'
            1: 'src/lib/repo-map.mjs'
          verification: 'annotated-test'
          provenBy:
            0:
              scenario: 'citation-content-not-existence'
              file: 'test/repo-tour.test.mjs'
              line: 59
            1:
              scenario: 'fails-closed-on-missing-part'
              file: 'test/repo-tour.test.mjs'
              line: 80
          namedTestFiles:
            0: 'test/repo-tour.test.mjs'
          verifierRefs:
            0: 'src/cli.mjs'
            1: 'src/lib/repo-map.mjs'
            2: 'test/repo-tour.test.mjs'
          missingVerifierRefs:
          gaps:
    orphanAnnotations:
      0:
        behaviorId: 'inv:canonical-promotion-requires-verified-approval'
        file: 'src/lib/evolution-approval.mjs'
        line: 173
      1:
        behaviorId: 'inv:ledger-records-are-immutable'
        file: 'src/lib/evolution-ledger.mjs'
        line: 741
      2:
        behaviorId: 'journey.explain.produce-story'
        file: 'src/lib/story-pack-producer.mjs'
        line: 394
      3:
        behaviorId: 'inv:canonical-promotion-requires-verified-approval'
        file: 'test/evolution-approval.test.mjs'
        line: 48
      4:
        behaviorId: 'inv:canonical-promotion-requires-verified-approval'
        file: 'test/evolution-approval.test.mjs'
        line: 58
      5:
        behaviorId: 'inv:canonical-promotion-requires-verified-approval'
        file: 'test/evolution-approval.test.mjs'
        line: 67
      6:
        behaviorId: 'inv:canonical-promotion-requires-verified-approval'
        file: 'test/evolution-approval.test.mjs'
        line: 86
      7:
        behaviorId: 'inv:canonical-promotion-requires-verified-approval'
        file: 'test/evolution-approval.test.mjs'
        line: 97
      8:
        behaviorId: 'inv:canonical-promotion-requires-verified-approval'
        file: 'test/evolution-approval.test.mjs'
        line: 113
      9:
        behaviorId: 'inv:ledger-records-are-immutable'
        file: 'test/evolution-immutability.test.mjs'
        line: 41
      10:
        behaviorId: 'inv:ledger-records-are-immutable'
        file: 'test/evolution-immutability.test.mjs'
        line: 64
      11:
        behaviorId: 'inv:ledger-records-are-immutable'
        file: 'test/evolution-immutability.test.mjs'
        line: 76
      12:
        behaviorId: 'inv:ledger-records-are-immutable'
        file: 'test/evolution-immutability.test.mjs'
        line: 91
      13:
        behaviorId: 'inv:ledger-records-are-immutable'
        file: 'test/evolution-immutability.test.mjs'
        line: 104
      14:
        behaviorId: 'inv:journey-contract-self-verifies'
        file: 'test/journey-contract-verify.test.mjs'
        line: 14
      15:
        behaviorId: 'inv:journey-contract-self-verifies'
        file: 'test/journey-contract-verify.test.mjs'
        line: 36
      16:
        behaviorId: 'inv:journey-contract-self-verifies'
        file: 'test/journey-contract-verify.test.mjs'
        line: 48
      17:
        behaviorId: 'inv:journey-contract-self-verifies'
        file: 'test/journey-contract-verify.test.mjs'
        line: 80
      18:
        behaviorId: 'inv:native-agent-session-identity'
        file: 'test/native-agent-identity.test.mjs'
        line: 202
      19:
        behaviorId: 'inv:native-agent-session-identity'
        file: 'test/native-agent-identity.test.mjs'
        line: 231
      20:
        behaviorId: 'inv:native-agent-session-identity'
        file: 'test/native-agent-identity.test.mjs'
        line: 271
      21:
        behaviorId: 'inv:native-agent-session-identity'
        file: 'test/native-agent-identity.test.mjs'
        line: 312
      22:
        behaviorId: 'inv:native-agent-session-identity'
        file: 'test/native-agent-identity.test.mjs'
        line: 329
      23:
        behaviorId: 'inv:native-agent-session-identity'
        file: 'test/native-agent-identity.test.mjs'
        line: 359
      24:
        behaviorId: 'inv:native-agent-session-identity'
        file: 'test/native-agent-identity.test.mjs'
        line: 380
      25:
        behaviorId: 'inv:native-agent-session-identity'
        file: 'test/native-agent-identity.test.mjs'
        line: 401
      26:
        behaviorId: 'inv:native-agent-session-identity'
        file: 'test/native-agent-identity.test.mjs'
        line: 429
      27:
        behaviorId: 'inv:native-agent-session-identity'
        file: 'test/native-agent-identity.test.mjs'
        line: 444
      28:
        behaviorId: 'inv:native-agent-session-identity'
        file: 'test/native-agent-identity.test.mjs'
        line: 460
      29:
        behaviorId: 'inv:native-agent-session-identity'
        file: 'test/native-agent-identity.test.mjs'
        line: 491
      30:
        behaviorId: 'inv:research-verdict-beats-constant'
        file: 'test/research-verdict-benchmark.test.mjs'
        line: 51
    boundary: 'This index reports declared behaviors only. It does not claim the repository has no other behavior, and an ownership annotation asserts ownership rather than proving it.'
  actual:
    schemaVersion: 'nodekit.behavior-index/v1'
    generatedBy: 'src/lib/behavior-index.mjs'
    regenerate: 'npm run behavior:index'
    counts:
      declared: 6
      mapped: 6
      unmapped: 0
      verified: 6
      partial: 0
      unverified: 0
      orphanAnnotations: 31
    behaviors:
      0:
        behaviorId: 'journey.stage.advance'
        statement: "A builder case advances a stage only when that stage's handoff artifact exists and a receipt binds it by content hash."
        implementationState: 'mapped'
        verificationState: 'verified'
        owners:
          0:
            file: 'src/lib/builder-journey.mjs'
            symbol: 'advanceStage'
            line: 168
        supporting:
        requiredScenarios:
          0: 'blocked-without-handoff'
          1: 'advances-when-bound'
          2: 'forged-binding-stays-blocked'
        provenScenarios:
          0: 'blocked-without-handoff'
          1: 'advances-when-bound'
          2: 'forged-binding-stays-blocked'
        verifiedBy:
          0:
            scenario: 'blocked-without-handoff'
            file: 'test/builder-journey.test.mjs'
            line: 35
          1:
            scenario: 'advances-when-bound'
            file: 'test/builder-journey.test.mjs'
            line: 51
          2:
            scenario: 'forged-binding-stays-blocked'
            file: 'test/builder-journey.test.mjs'
            line: 78
        implementationGaps:
        verificationGaps:
      1:
        behaviorId: 'journey.build.produce-evidence'
        statement: 'A BuildEvidencePack is produced only from generated evidence — digested bytes and recorded exit codes — with every contract decision explicitly dispositioned, so a silent honour or a fabricated evidence path refuses the pack instead of shipping inside it.'
        implementationState: 'mapped'
        verificationState: 'verified'
        owners:
          0:
            file: 'src/lib/build-evidence-producer.mjs'
            symbol: 'produceBuildEvidencePack'
            line: 173
        supporting:
        requiredScenarios:
          0: 'every-pointer-dispositioned-no-silent-honour'
          1: 'fabricated-evidence-refuses-the-pack'
          2: 'produced-pack-walks-the-chain'
        provenScenarios:
          0: 'every-pointer-dispositioned-no-silent-honour'
          1: 'fabricated-evidence-refuses-the-pack'
          2: 'produced-pack-walks-the-chain'
        verifiedBy:
          0:
            scenario: 'every-pointer-dispositioned-no-silent-honour'
            file: 'test/build-evidence-producer.test.mjs'
            line: 62
          1:
            scenario: 'fabricated-evidence-refuses-the-pack'
            file: 'test/build-evidence-producer.test.mjs'
            line: 193
          2:
            scenario: 'produced-pack-walks-the-chain'
            file: 'test/build-evidence-producer.test.mjs'
            line: 262
        implementationGaps:
        verificationGaps:
      2:
        behaviorId: 'decide.compile-to-build'
        statement: 'An approved OpportunityContract compiles into the product design contract the build stage reads, carrying the protected decisions.'
        implementationState: 'mapped'
        verificationState: 'verified'
        owners:
          0:
            file: 'src/lib/opportunity-compiler.mjs'
            symbol: 'compileOpportunityToBuild'
            line: 53
        supporting:
          0:
            file: 'src/lib/opportunity-compiler.mjs'
            symbol: 'materializeBuildPacket'
            line: 127
        requiredScenarios:
          0: 'decisions-carried-and-protected'
          1: 'prohibitions-survive'
          2: 'packet-accepted-by-planner'
        provenScenarios:
          0: 'packet-accepted-by-planner'
          1: 'decisions-carried-and-protected'
          2: 'prohibitions-survive'
        verifiedBy:
          0:
            scenario: 'packet-accepted-by-planner'
            file: 'test/opportunity-build-packet.test.mjs'
            line: 18
          1:
            scenario: 'decisions-carried-and-protected'
            file: 'test/opportunity-compiler.test.mjs'
            line: 19
          2:
            scenario: 'prohibitions-survive'
            file: 'test/opportunity-compiler.test.mjs'
            line: 35
        implementationGaps:
        verificationGaps:
      3:
        behaviorId: 'orientation.tour'
        statement: 'The codebase tour reports a pass only for a step it observed, and exits non-zero when a step it names is genuinely absent.'
        implementationState: 'mapped'
        verificationState: 'verified'
        owners:
          0:
            file: 'src/cli-main.mjs'
            symbol: 'runTour'
            line: 844
        supporting:
          0:
            file: 'src/lib/repo-map.mjs'
            symbol: 'buildRepoMap'
            line: 69
        requiredScenarios:
          0: 'verified-and-explained-steps-separated'
          1: 'fails-closed-on-missing-part'
        provenScenarios:
          0: 'verified-and-explained-steps-separated'
          1: 'fails-closed-on-missing-part'
        verifiedBy:
          0:
            scenario: 'verified-and-explained-steps-separated'
            file: 'test/repo-tour.test.mjs'
            line: 28
          1:
            scenario: 'fails-closed-on-missing-part'
            file: 'test/repo-tour.test.mjs'
            line: 79
        implementationGaps:
        verificationGaps:
      4:
        behaviorId: 'language.copy-audit'
        statement: 'Newcomer-facing copy is blocked when it uses a NodeKit term the glossary does not define or does not point a reader to.'
        implementationState: 'mapped'
        verificationState: 'verified'
        owners:
          0:
            file: 'src/lib/copy-audit.mjs'
            symbol: 'auditCopy'
            line: 53
        supporting:
        requiredScenarios:
          0: 'undefined-term-blocks'
          1: 'unreachable-glossary-blocks'
          2: 'identifiers-not-flagged'
        provenScenarios:
          0: 'undefined-term-blocks'
          1: 'unreachable-glossary-blocks'
          2: 'identifiers-not-flagged'
        verifiedBy:
          0:
            scenario: 'undefined-term-blocks'
            file: 'test/copy-audit.test.mjs'
            line: 29
          1:
            scenario: 'unreachable-glossary-blocks'
            file: 'test/copy-audit.test.mjs'
            line: 43
          2:
            scenario: 'identifiers-not-flagged'
            file: 'test/copy-audit.test.mjs'
            line: 58
        implementationGaps:
        verificationGaps:
      5:
        behaviorId: 'studio.motion-portability'
        statement: 'A copied motion recipe is blocked when one static token name resolves to different behavior, and migration aliases preserve observed values unless a disclosed owner decision changes them.'
        implementationState: 'mapped'
        verificationState: 'verified'
        owners:
          0:
            file: 'src/lib/motion-portability.mjs'
            symbol: 'compareMotionPortability'
            line: 285
        supporting:
        requiredScenarios:
          0: 'detects-silent-cross-repo-drift'
          1: 'normalizes-equivalent-values'
          2: 'incomplete-coverage-is-not-run'
          3: 'aliases-preserve-behavior'
        provenScenarios:
          0: 'detects-silent-cross-repo-drift'
          1: 'normalizes-equivalent-values'
          2: 'incomplete-coverage-is-not-run'
          3: 'aliases-preserve-behavior'
        verifiedBy:
          0:
            scenario: 'detects-silent-cross-repo-drift'
            file: 'test/motion-portability.test.mjs'
            line: 46
          1:
            scenario: 'normalizes-equivalent-values'
            file: 'test/motion-portability.test.mjs'
            line: 124
          2:
            scenario: 'incomplete-coverage-is-not-run'
            file: 'test/motion-portability.test.mjs'
            line: 150
          3:
            scenario: 'aliases-preserve-behavior'
            file: 'test/motion-portability.test.mjs'
            line: 168
        implementationGaps:
        verificationGaps:
    invariantCoverage:
      available: true
      counts:
        total: 24
        annotatedSymbol: 24
        namedFileOnly: 0
        unowned: 0
        annotatedTest: 24
        namedTestFileOnly: 0
        unverified: 0
        fullyBound: 24
        withMissingRefs: 0
      invariants:
        0:
          invariantId: 'inv:build-packet-carries-opportunity'
          status: 'partially-verified'
          ownership: 'annotated-symbol'
          owners:
            0:
              file: 'src/lib/opportunity-compiler.mjs'
              symbol: 'materializeBuildPacket'
              line: 128
          namedSourceFiles:
            0: 'src/lib/opportunity-compiler.mjs'
          verification: 'annotated-test'
          provenBy:
            0:
              scenario: 'packet-accepted-by-planner'
              file: 'test/opportunity-build-packet.test.mjs'
              line: 19
          namedTestFiles:
            0: 'test/opportunity-build-packet.test.mjs'
          verifierRefs:
            0: 'src/lib/opportunity-compiler.mjs'
            1: 'test/opportunity-build-packet.test.mjs'
          missingVerifierRefs:
          gaps:
        1:
          invariantId: 'inv:builder-gym-cas-publishes-complete-bytes'
          status: 'verified'
          ownership: 'annotated-symbol'
          owners:
            0:
              file: 'src/lib/builder-gym.mjs'
              symbol: 'writeContentAddressedJson'
              line: 138
          namedSourceFiles:
            0: 'src/lib/builder-gym.mjs'
          verification: 'annotated-test'
          provenBy:
            0:
              scenario: 'burst-and-sustained-contention'
              file: 'test/builder-gym.test.mjs'
              line: 550
          namedTestFiles:
            0: 'test/builder-gym.test.mjs'
          verifierRefs:
            0: 'src/lib/builder-gym.mjs'
            1: 'test/builder-gym.test.mjs'
          missingVerifierRefs:
          gaps:
        2:
          invariantId: 'inv:builder-journey-stage-handoff'
          status: 'partially-verified'
          ownership: 'annotated-symbol'
          owners:
            0:
              file: 'src/lib/builder-journey.mjs'
              symbol: 'advanceStage'
              line: 169
          namedSourceFiles:
            0: 'src/lib/builder-journey.mjs'
          verification: 'annotated-test'
          provenBy:
            0:
              scenario: 'blocked-without-handoff'
              file: 'test/builder-journey.test.mjs'
              line: 36
            1:
              scenario: 'forged-binding-blocked'
              file: 'test/builder-journey.test.mjs'
              line: 79
          namedTestFiles:
            0: 'test/builder-journey.test.mjs'
          verifierRefs:
            0: 'src/lib/builder-journey.mjs'
            1: 'test/builder-journey.test.mjs'
          missingVerifierRefs:
          gaps:
        3:
          invariantId: 'inv:caseflow-idempotent-retries'
          status: 'verified'
          ownership: 'annotated-symbol'
          owners:
            0:
              file: 'src/lib/caseflow-conformance.mjs'
              symbol: 'runCaseflowConformance'
              line: 5
          namedSourceFiles:
            0: 'src/lib/caseflow-conformance.mjs'
          verification: 'annotated-test'
          provenBy:
            0:
              scenario: 'idempotent-retry'
              file: 'test/caseflow.test.mjs'
              line: 13
          namedTestFiles:
            0: 'test/caseflow.test.mjs'
          verifierRefs:
            0: 'src/lib/caseflow-conformance.mjs'
            1: 'test/caseflow.test.mjs'
          missingVerifierRefs:
          gaps:
        4:
          invariantId: 'inv:caseflow-receipt-retry-containment'
          status: 'partially-verified'
          ownership: 'annotated-symbol'
          owners:
            0:
              file: 'src/lib/caseflow-conformance.mjs'
              symbol: 'runCaseflowConformance'
              line: 6
          namedSourceFiles:
            0: 'src/lib/caseflow-conformance.mjs'
            1: 'src/component/caseflow.test.ts'
          verification: 'annotated-test'
          provenBy:
            0:
              scenario: 'retry-contained'
              file: 'test/caseflow.test.mjs'
              line: 300
          namedTestFiles:
            0: 'test/caseflow.test.mjs'
          verifierRefs:
            0: 'src/lib/caseflow-conformance.mjs'
            1: 'test/caseflow.test.mjs'
            2: 'src/component/caseflow.test.ts'
          missingVerifierRefs:
          gaps:
        5:
          invariantId: 'inv:consumer-package-verification-lifecycle-free'
          status: 'verified'
          ownership: 'annotated-symbol'
          owners:
            0:
              file: 'src/lib/consumer-package-preparation.mjs'
              symbol: 'inspectTrackedNodeKitDistribution'
              line: 201
          namedSourceFiles:
            0: 'src/lib/consumer-package-preparation.mjs'
          verification: 'annotated-test'
          provenBy:
            0:
              scenario: 'missing-helper-does-not-run'
              file: 'test/consumer-package-preparation.test.mjs'
              line: 183
          namedTestFiles:
            0: 'test/consumer-package-preparation.test.mjs'
          verifierRefs:
            0: 'src/lib/consumer-package-preparation.mjs'
            1: 'test/consumer-package-preparation.test.mjs'
          missingVerifierRefs:
          gaps:
        6:
          invariantId: 'inv:copy-claims-gate-lies-not-taste'
          status: 'partially-verified'
          ownership: 'annotated-symbol'
          owners:
            0:
              file: 'src/lib/copy-claims.mjs'
              symbol: 'auditCopyClaims'
              line: 93
          namedSourceFiles:
            0: 'src/lib/copy-claims.mjs'
          verification: 'annotated-test'
          provenBy:
            0:
              scenario: 'fabrication-caught-against-source'
              file: 'test/copy-claims.test.mjs'
              line: 9
            1:
              scenario: 'style-never-blocks'
              file: 'test/copy-claims.test.mjs'
              line: 85
          namedTestFiles:
            0: 'test/copy-claims.test.mjs'
          verifierRefs:
            0: 'src/lib/copy-claims.mjs'
            1: 'test/copy-claims.test.mjs'
          missingVerifierRefs:
          gaps:
        7:
          invariantId: 'inv:domain-blank-create'
          status: 'verified'
          ownership: 'annotated-symbol'
          owners:
            0:
              file: 'src/lib/scaffold.mjs'
              symbol: 'createProject'
              line: 314
          namedSourceFiles:
          verification: 'annotated-test'
          provenBy:
            0:
              scenario: 'preset-rejected'
              file: 'test/factory.test.mjs'
              line: 88
          namedTestFiles:
            0: 'test/factory.test.mjs'
          verifierRefs:
            0: 'test/factory.test.mjs#primary-create-rejects-domain-presets'
          missingVerifierRefs:
          gaps:
        8:
          invariantId: 'inv:exact-candidate-evidence'
          status: 'verified'
          ownership: 'annotated-symbol'
          owners:
            0:
              file: 'src/lib/submission-gate.mjs'
              symbol: 'evaluateSubmissionManifest'
              line: 2336
          namedSourceFiles:
            0: 'src/lib/submission-gate.mjs'
            1: 'src/lib/submission-preparation.mjs'
          verification: 'annotated-test'
          provenBy:
            0:
              scenario: 'candidate-identity-bound'
              file: 'test/submission-gate.test.mjs'
              line: 142
          namedTestFiles:
            0: 'test/submission-gate.test.mjs'
            1: 'test/submission-preparation.test.mjs'
          verifierRefs:
            0: 'src/lib/submission-gate.mjs'
            1: 'src/lib/submission-preparation.mjs'
            2: 'test/submission-gate.test.mjs'
            3: 'test/submission-preparation.test.mjs'
          missingVerifierRefs:
          gaps:
        9:
          invariantId: 'inv:guided-intake-mobile-decisions'
          status: 'partially-verified'
          ownership: 'annotated-symbol'
          owners:
            0:
              file: 'templates/base/scripts/browser-certify.mjs'
              symbol: 'verifyExportedProof'
              line: 109
          namedSourceFiles:
            0: 'templates/base/scripts/browser-certify.mjs'
          verification: 'annotated-test'
          provenBy:
            0:
              scenario: 'one-next-action-per-state'
              file: 'test/ease-proof.test.mjs'
              line: 89
          namedTestFiles:
            0: 'test/ease-proof.test.mjs'
          verifierRefs:
            0: 'test/ease-proof.test.mjs'
            1: 'templates/base/scripts/browser-certify.mjs'
          missingVerifierRefs:
          gaps:
        10:
          invariantId: 'inv:invariant-proof-is-bound'
          status: 'partially-verified'
          ownership: 'annotated-symbol'
          owners:
            0:
              file: 'src/lib/behavior-index.mjs'
              symbol: 'coverLedgerInvariants'
              line: 100
          namedSourceFiles:
            0: 'src/lib/behavior-index.mjs'
          verification: 'annotated-test'
          provenBy:
            0:
              scenario: 'proof-bound-to-assertion'
              file: 'test/behavior-index.test.mjs'
              line: 177
          namedTestFiles:
            0: 'test/behavior-index.test.mjs'
          verifierRefs:
            0: 'src/lib/behavior-index.mjs'
            1: 'test/behavior-index.test.mjs'
          missingVerifierRefs:
          gaps:
        11:
          invariantId: 'inv:major-frontend-direction-tournament'
          status: 'partially-verified'
          ownership: 'annotated-symbol'
          owners:
            0:
              file: 'src/lib/frontend-specialist.mjs'
              symbol: 'evaluateFrontendTournament'
              line: 224
          namedSourceFiles:
            0: 'src/lib/frontend-specialist.mjs'
          verification: 'annotated-test'
          provenBy:
            0:
              scenario: 'decisive-from-receipts'
              file: 'test/frontend-specialist.test.mjs'
              line: 86
          namedTestFiles:
            0: 'test/frontend-specialist.test.mjs'
          verifierRefs:
            0: 'src/lib/frontend-specialist.mjs'
            1: 'test/frontend-specialist.test.mjs'
          missingVerifierRefs:
          gaps:
        12:
          invariantId: 'inv:measurement-is-not-permission'
          status: 'partially-verified'
          ownership: 'annotated-symbol'
          owners:
            0:
              file: 'src/lib/friction-loop.mjs'
              symbol: 'adoptRepair'
              line: 124
          namedSourceFiles:
            0: 'src/lib/friction-loop.mjs'
          verification: 'annotated-test'
          provenBy:
            0:
              scenario: 'passing-comparison-is-not-permission'
              file: 'test/friction-loop-end-to-end.test.mjs'
              line: 39
          namedTestFiles:
            0: 'test/friction-loop-end-to-end.test.mjs'
            1: 'test/friction-loop.test.mjs'
          verifierRefs:
            0: 'src/lib/friction-loop.mjs'
            1: 'test/friction-loop-end-to-end.test.mjs'
            2: 'test/friction-loop.test.mjs'
          missingVerifierRefs:
          gaps:
        13:
          invariantId: 'inv:opportunity-carries-to-build'
          status: 'partially-verified'
          ownership: 'annotated-symbol'
          owners:
            0:
              file: 'src/lib/opportunity-compiler.mjs'
              symbol: 'compileOpportunityToBuild'
              line: 54
          namedSourceFiles:
            0: 'src/lib/opportunity-compiler.mjs'
          verification: 'annotated-test'
          provenBy:
            0:
              scenario: 'decisions-protected'
              file: 'test/opportunity-compiler.test.mjs'
              line: 20
          namedTestFiles:
            0: 'test/opportunity-compiler.test.mjs'
          verifierRefs:
            0: 'src/lib/opportunity-compiler.mjs'
            1: 'test/opportunity-compiler.test.mjs'
          missingVerifierRefs:
          gaps:
        14:
          invariantId: 'inv:ownership-resolves-to-symbol'
          status: 'partially-verified'
          ownership: 'annotated-symbol'
          owners:
            0:
              file: 'src/lib/behavior-index.mjs'
              symbol: 'coverLedgerInvariants'
              line: 99
          namedSourceFiles:
            0: 'src/lib/behavior-index.mjs'
          verification: 'annotated-test'
          provenBy:
            0:
              scenario: 'every-invariant-owned'
              file: 'test/behavior-index.test.mjs'
              line: 150
            1:
              scenario: 'verifier-rot-reported'
              file: 'test/behavior-index.test.mjs'
              line: 237
          namedTestFiles:
            0: 'test/behavior-index.test.mjs'
          verifierRefs:
            0: 'src/lib/behavior-index.mjs'
            1: 'test/behavior-index.test.mjs'
          missingVerifierRefs:
          gaps:
        15:
          invariantId: 'inv:postgres-caseflow-conformance'
          status: 'verified'
          ownership: 'annotated-symbol'
          owners:
            0:
              file: 'src/lib/caseflow-conformance.mjs'
              symbol: 'runCaseflowConformance'
              line: 7
          namedSourceFiles:
            0: 'scripts/run-postgres-conformance.mjs'
          verification: 'annotated-test'
          provenBy:
            0:
              scenario: 'adapter-conforms'
              file: 'test/postgres-adapter.test.mjs'
              line: 11
          namedTestFiles:
            0: 'test/postgres-adapter.test.mjs'
          verifierRefs:
            0: 'scripts/run-postgres-conformance.mjs'
            1: 'test/postgres-adapter.test.mjs'
            2: 'proof/postgres-conformance.json'
          missingVerifierRefs:
          gaps:
        16:
          invariantId: 'inv:rendered-browser-evidence'
          status: 'verified'
          ownership: 'annotated-symbol'
          owners:
            0:
              file: 'templates/base/scripts/browser-certify.mjs'
              symbol: 'verifyExportedProof'
              line: 108
          namedSourceFiles:
            0: 'templates/base/scripts/browser-certify.mjs'
          verification: 'annotated-test'
          provenBy:
            0:
              scenario: 'browser-evidence-bound'
              file: 'test/ease-proof.test.mjs'
              line: 8
          namedTestFiles:
            0: 'test/ease-proof.test.mjs'
          verifierRefs:
            0: 'templates/base/scripts/browser-certify.mjs'
            1: 'test/ease-proof.test.mjs'
          missingVerifierRefs:
          gaps:
        17:
          invariantId: 'inv:repair-approval-is-signed'
          status: 'partially-verified'
          ownership: 'annotated-symbol'
          owners:
            0:
              file: 'src/lib/repair-approval.mjs'
              symbol: 'verifyRepairPromotionApproval'
              line: 86
          namedSourceFiles:
            0: 'src/lib/repair-approval.mjs'
            1: 'src/lib/friction-loop.mjs'
          verification: 'annotated-test'
          provenBy:
            0:
              scenario: 'untrusted-key-refused'
              file: 'test/repair-approval.test.mjs'
              line: 57
            1:
              scenario: 'cross-domain-forgery-refused'
              file: 'test/repair-approval.test.mjs'
              line: 75
          namedTestFiles:
            0: 'test/repair-approval.test.mjs'
          verifierRefs:
            0: 'src/lib/repair-approval.mjs'
            1: 'test/repair-approval.test.mjs'
            2: 'src/lib/friction-loop.mjs'
          missingVerifierRefs:
          gaps:
        18:
          invariantId: 'inv:repair-cannot-self-approve'
          status: 'partially-verified'
          ownership: 'annotated-symbol'
          owners:
            0:
              file: 'src/lib/friction-loop.mjs'
              symbol: 'adoptRepair'
              line: 123
          namedSourceFiles:
            0: 'src/lib/friction-loop.mjs'
          verification: 'annotated-test'
          provenBy:
            0:
              scenario: 'self-approval-blocked'
              file: 'test/friction-loop.test.mjs'
              line: 71
          namedTestFiles:
            0: 'test/friction-loop.test.mjs'
          verifierRefs:
            0: 'src/lib/friction-loop.mjs'
            1: 'test/friction-loop.test.mjs'
          missingVerifierRefs:
          gaps:
        19:
          invariantId: 'inv:source-bound-decisive-verdicts'
          status: 'partially-verified'
          ownership: 'annotated-symbol'
          owners:
            0:
              file: 'src/lib/submission-gate.mjs'
              symbol: 'evaluateSubmissionManifest'
              line: 2337
          namedSourceFiles:
            0: 'src/lib/submission-gate.mjs'
            1: 'src/lib/submission-preparation.mjs'
          verification: 'annotated-test'
          provenBy:
            0:
              scenario: 'evidence-source-bound'
              file: 'test/submission-gate.test.mjs'
              line: 234
          namedTestFiles:
            0: 'test/submission-gate.test.mjs'
            1: 'test/submission-preparation.test.mjs'
            2: 'test/submission-verdict-schemas.test.mjs'
          verifierRefs:
            0: 'src/lib/submission-gate.mjs'
            1: 'src/lib/submission-preparation.mjs'
            2: 'test/submission-gate.test.mjs'
            3: 'test/submission-preparation.test.mjs'
            4: 'test/submission-verdict-schemas.test.mjs'
          missingVerifierRefs:
          gaps:
        20:
          invariantId: 'inv:stable-caseflow-package-entrypoint'
          status: 'verified'
          ownership: 'annotated-symbol'
          owners:
            0:
              file: 'src/caseflow.mjs'
              symbol: '(module exports)'
              line: 1
          namedSourceFiles:
            0: 'src/caseflow.mjs'
          verification: 'annotated-test'
          provenBy:
            0:
              scenario: 'entrypoint-surface-stable'
              file: 'test/public-api.test.mjs'
              line: 57
          namedTestFiles:
            0: 'test/public-api.test.mjs'
          verifierRefs:
            0: 'package.json'
            1: 'src/caseflow.mjs'
            2: 'test/public-api.test.mjs'
          missingVerifierRefs:
          gaps:
        21:
          invariantId: 'inv:studio-boundary-declares-gaps'
          status: 'partially-verified'
          ownership: 'annotated-symbol'
          owners:
            0:
              file: 'src/studio.mjs'
              symbol: 'studioCapability'
              line: 126
          namedSourceFiles:
            0: 'src/studio.mjs'
          verification: 'annotated-test'
          provenBy:
            0:
              scenario: 'reexports-not-forks'
              file: 'test/studio-boundary.test.mjs'
              line: 31
            1:
              scenario: 'readiness-derived-from-gaps'
              file: 'test/studio-boundary.test.mjs'
              line: 51
          namedTestFiles:
            0: 'test/studio-boundary.test.mjs'
          verifierRefs:
            0: 'src/studio.mjs'
            1: 'test/studio-boundary.test.mjs'
          missingVerifierRefs:
          gaps:
        22:
          invariantId: 'inv:submission-cli-explicit-options'
          status: 'verified'
          ownership: 'annotated-symbol'
          owners:
            0:
              file: 'src/lib/submission-preparation.mjs'
              symbol: 'prepareSubmissionManifest'
              line: 82
          namedSourceFiles:
          verification: 'annotated-test'
          provenBy:
            0:
              scenario: 'named-options-accepted'
              file: 'test/submission-cli.test.mjs'
              line: 27
            1:
              scenario: 'unknown-options-refused'
              file: 'test/submission-cli.test.mjs'
              line: 48
          namedTestFiles:
            0: 'test/submission-cli.test.mjs'
          verifierRefs:
            0: 'test/submission-cli.test.mjs'
          missingVerifierRefs:
          gaps:
        23:
          invariantId: 'inv:tour-verifies-what-it-claims'
          status: 'partially-verified'
          ownership: 'annotated-symbol'
          owners:
            0:
              file: 'src/cli-main.mjs'
              symbol: 'runTour'
              line: 845
          namedSourceFiles:
            0: 'src/cli.mjs'
            1: 'src/lib/repo-map.mjs'
          verification: 'annotated-test'
          provenBy:
            0:
              scenario: 'citation-content-not-existence'
              file: 'test/repo-tour.test.mjs'
              line: 59
            1:
              scenario: 'fails-closed-on-missing-part'
              file: 'test/repo-tour.test.mjs'
              line: 80
          namedTestFiles:
            0: 'test/repo-tour.test.mjs'
          verifierRefs:
            0: 'src/cli.mjs'
            1: 'src/lib/repo-map.mjs'
            2: 'test/repo-tour.test.mjs'
          missingVerifierRefs:
          gaps:
    orphanAnnotations:
      0:
        behaviorId: 'inv:canonical-promotion-requires-verified-approval'
        file: 'src/lib/evolution-approval.mjs'
        line: 173
      1:
        behaviorId: 'inv:ledger-records-are-immutable'
        file: 'src/lib/evolution-ledger.mjs'
        line: 660
      2:
        behaviorId: 'journey.explain.produce-story'
        file: 'src/lib/story-pack-producer.mjs'
        line: 394
      3:
        behaviorId: 'inv:canonical-promotion-requires-verified-approval'
        file: 'test/evolution-approval.test.mjs'
        line: 48
      4:
        behaviorId: 'inv:canonical-promotion-requires-verified-approval'
        file: 'test/evolution-approval.test.mjs'
        line: 58
      5:
        behaviorId: 'inv:canonical-promotion-requires-verified-approval'
        file: 'test/evolution-approval.test.mjs'
        line: 67
      6:
        behaviorId: 'inv:canonical-promotion-requires-verified-approval'
        file: 'test/evolution-approval.test.mjs'
        line: 86
      7:
        behaviorId: 'inv:canonical-promotion-requires-verified-approval'
        file: 'test/evolution-approval.test.mjs'
        line: 97
      8:
        behaviorId: 'inv:canonical-promotion-requires-verified-approval'
        file: 'test/evolution-approval.test.mjs'
        line: 113
      9:
        behaviorId: 'inv:ledger-records-are-immutable'
        file: 'test/evolution-immutability.test.mjs'
        line: 41
      10:
        behaviorId: 'inv:ledger-records-are-immutable'
        file: 'test/evolution-immutability.test.mjs'
        line: 64
      11:
        behaviorId: 'inv:ledger-records-are-immutable'
        file: 'test/evolution-immutability.test.mjs'
        line: 76
      12:
        behaviorId: 'inv:ledger-records-are-immutable'
        file: 'test/evolution-immutability.test.mjs'
        line: 91
      13:
        behaviorId: 'inv:ledger-records-are-immutable'
        file: 'test/evolution-immutability.test.mjs'
        line: 104
      14:
        behaviorId: 'inv:journey-contract-self-verifies'
        file: 'test/journey-contract-verify.test.mjs'
        line: 14
      15:
        behaviorId: 'inv:journey-contract-self-verifies'
        file: 'test/journey-contract-verify.test.mjs'
        line: 36
      16:
        behaviorId: 'inv:journey-contract-self-verifies'
        file: 'test/journey-contract-verify.test.mjs'
        line: 48
      17:
        behaviorId: 'inv:journey-contract-self-verifies'
        file: 'test/journey-contract-verify.test.mjs'
        line: 80
      18:
        behaviorId: 'inv:native-agent-session-identity'
        file: 'test/native-agent-identity.test.mjs'
        line: 202
      19:
        behaviorId: 'inv:native-agent-session-identity'
        file: 'test/native-agent-identity.test.mjs'
        line: 231
      20:
        behaviorId: 'inv:native-agent-session-identity'
        file: 'test/native-agent-identity.test.mjs'
        line: 271
      21:
        behaviorId: 'inv:native-agent-session-identity'
        file: 'test/native-agent-identity.test.mjs'
        line: 312
      22:
        behaviorId: 'inv:native-agent-session-identity'
        file: 'test/native-agent-identity.test.mjs'
        line: 329
      23:
        behaviorId: 'inv:native-agent-session-identity'
        file: 'test/native-agent-identity.test.mjs'
        line: 359
      24:
        behaviorId: 'inv:native-agent-session-identity'
        file: 'test/native-agent-identity.test.mjs'
        line: 380
      25:
        behaviorId: 'inv:native-agent-session-identity'
        file: 'test/native-agent-identity.test.mjs'
        line: 401
      26:
        behaviorId: 'inv:native-agent-session-identity'
        file: 'test/native-agent-identity.test.mjs'
        line: 429
      27:
        behaviorId: 'inv:native-agent-session-identity'
        file: 'test/native-agent-identity.test.mjs'
        line: 444
      28:
        behaviorId: 'inv:native-agent-session-identity'
        file: 'test/native-agent-identity.test.mjs'
        line: 460
      29:
        behaviorId: 'inv:native-agent-session-identity'
        file: 'test/native-agent-identity.test.mjs'
        line: 491
      30:
        behaviorId: 'inv:research-verdict-beats-constant'
        file: 'test/research-verdict-benchmark.test.mjs'
        line: 51
    boundary: 'This index reports declared behaviors only. It does not claim the repository has no other behavior, and an ownership annotation asserts ownership rather than proving it.'
  operator: 'deepStrictEqual'
  stack: |-
    TestContext.<anonymous> (file:///D:/VSCode%20Projects/node-platform/.worktrees/project-consolidation-20260904/test/behavior-index.test.mjs:280:10)
    async Test.run (node:internal/test_runner/test:1054:7)
    async Test.processPendingSubtests (node:internal/test_runner/test:744:7)
  ...
# Subtest: the salon build evidence pack fixture validates against the schema
ok 54 - the salon build evidence pack fixture validates against the schema
  ---
  duration_ms: 297.5626
  type: 'test'
  ...
# Subtest: every artifact the fixture cites exists on disk at the declared digest and length
ok 55 - every artifact the fixture cites exists on disk at the declared digest and length
  ---
  duration_ms: 63.1541
  type: 'test'
  ...
# Subtest: inputs binds the OpportunityContract by sha256 over its canonical JSON
ok 56 - inputs binds the OpportunityContract by sha256 over its canonical JSON
  ---
  duration_ms: 13.6904
  type: 'test'
  ...
# Subtest: every evidence reference resolves and every evidenceId is unique
ok 57 - every evidence reference resolves and every evidenceId is unique
  ---
  duration_ms: 8.6167
  type: 'test'
  ...
# Subtest: declaredElementCount matches both the elements listed and the bound contract array
ok 58 - declaredElementCount matches both the elements listed and the bound contract array
  ---
  duration_ms: 20.4444
  type: 'test'
  ...
# Subtest: the successCondition reconciliation must cite generated evidence, not narration
ok 59 - the successCondition reconciliation must cite generated evidence, not narration
  ---
  duration_ms: 12.2942
  type: 'test'
  ...
# Subtest: a silent decision is inexpressible: omitting any contract reconciliation fails
ok 60 - a silent decision is inexpressible: omitting any contract reconciliation fails
  ---
  duration_ms: 14.0827
  type: 'test'
  ...
# Subtest: there is no fourth disposition and no escape hatch
ok 61 - there is no fourth disposition and no escape hatch
  ---
  duration_ms: 8.5516
  type: 'test'
  ...
# Subtest: each disposition must carry its own payload and may not borrow another's
ok 62 - each disposition must carry its own payload and may not borrow another's
  ---
  duration_ms: 7.4081
  type: 'test'
  ...
# Subtest: acting outside the declared authority limits requires stating the cost of undoing it
ok 63 - acting outside the declared authority limits requires stating the cost of undoing it
  ---
  duration_ms: 7.4858
  type: 'test'
  ...
# Subtest: an emergent decision cannot be recorded without alternatives or a disclosure artifact
ok 64 - an emergent decision cannot be recorded without alternatives or a disclosure artifact
  ---
  duration_ms: 4.5976
  type: 'test'
  ...
# Subtest: evidence must be generated bytes, never a boolean
ok 65 - evidence must be generated bytes, never a boolean
  ---
  duration_ms: 7.6399
  type: 'test'
  ...
# Subtest: a claim without evidence or without a stated boundary is rejected
ok 66 - a claim without evidence or without a stated boundary is rejected
  ---
  duration_ms: 5.3807
  type: 'test'
  ...
# Subtest: the producer cannot approve itself
ok 67 - the producer cannot approve itself
  ---
  duration_ms: 13.564
  type: 'test'
  ...
# Subtest: the frozen envelope is enforced
ok 68 - the frozen envelope is enforced
  ---
  duration_ms: 10.2102
  type: 'test'
  ...
# Subtest: the fixture does not quietly claim it attempted everything
ok 69 - the fixture does not quietly claim it attempted everything
  ---
  duration_ms: 2.1077
  type: 'test'
  ...
# Subtest: happy path: an unattended run produces a schema-valid, fully disclosed, byte-backed pack
ok 70 - happy path: an unattended run produces a schema-valid, fully disclosed, byte-backed pack
  ---
  duration_ms: 452.6953
  type: 'test'
  ...
# Subtest: an honoured decision requires caller evidence, and gets its file digested from real bytes
ok 71 - an honoured decision requires caller evidence, and gets its file digested from real bytes
  ---
  duration_ms: 140.9996
  type: 'test'
  ...
# Subtest: refusal: a contract field the producer cannot reconcile fails closed and writes no pack
ok 72 - refusal: a contract field the producer cannot reconcile fails closed and writes no pack
  ---
  duration_ms: 15.9146
  type: 'test'
  ...
# Subtest: refusal: honouring without evidence, or with a nonexistent file, never silently succeeds
ok 73 - refusal: honouring without evidence, or with a nonexistent file, never silently succeeds
  ---
  duration_ms: 5.2048
  type: 'test'
  ...
# Subtest: a fabricated evidence path smuggled into a produced pack is rejected by the schema
ok 74 - a fabricated evidence path smuggled into a produced pack is rejected by the schema
  ---
  duration_ms: 612.9471
  type: 'test'
  ...
# Subtest: the produced pack chains: rebound downstream fixtures walk PASS through the gate
ok 75 - the produced pack chains: rebound downstream fixtures walk PASS through the gate
  ---
  duration_ms: 501.179
  type: 'test'
  ...
# Subtest: a test command is executed for real and its exit code recorded, pass or fail
ok 76 - a test command is executed for real and its exit code recorded, pass or fail
  ---
  duration_ms: 740.5138
  type: 'test'
  ...
# Subtest: Harness Gym initializes one protected Builder Gym with seven explicit NodeTrace verdict dimensions
ok 77 - Harness Gym initializes one protected Builder Gym with seven explicit NodeTrace verdict dimensions
  ---
  duration_ms: 2472.2672
  type: 'test'
  ...
# Subtest: NodeTrace trajectories are content addressed and reject tampering or missing verdict evidence
ok 78 - NodeTrace trajectories are content addressed and reject tampering or missing verdict evidence
  ---
  duration_ms: 3241.2404
  type: 'test'
  ...
# Subtest: NodeTrace record and inspect reopen evidence bytes and preserve the immutable address
ok 79 - NodeTrace record and inspect reopen evidence bytes and preserve the immutable address
  ---
  duration_ms: 1824.8686
  type: 'test'
  ...
# Subtest: Builder Gym compares only the builder harness and keeps real-world claims and promotion disabled
ok 80 - Builder Gym compares only the builder harness and keeps real-world claims and promotion disabled
  ---
  duration_ms: 1892.5045
  type: 'test'
  ...
# Subtest: Builder Gym rejects protected writes, evaluator drift, fixed-input drift, and safety regression
ok 81 - Builder Gym rejects protected writes, evaluator drift, fixed-input drift, and safety regression
  ---
  duration_ms: 1952.5137
  type: 'test'
  ...
# Subtest: NodeTrace rejects evidence paths that traverse a symlink or junction ancestor
ok 82 - NodeTrace rejects evidence paths that traverse a symlink or junction ancestor
  ---
  duration_ms: 1091.5339
  type: 'test'
  ...
# Subtest: Builder Gym rejects hard-linked aliases inside protected evaluator roots
ok 83 - Builder Gym rejects hard-linked aliases inside protected evaluator roots
  ---
  duration_ms: 1166.2354
  type: 'test'
  ...
# Subtest: concurrent Builder Gym fixtures do not confuse distinct Windows file identities
ok 84 - concurrent Builder Gym fixtures do not confuse distinct Windows file identities
  ---
  duration_ms: 1978.6715
  type: 'test'
  ...
# Subtest: content-addressed trajectory writes survive burst and sustained contention while rejecting prepared addresses
ok 85 - content-addressed trajectory writes survive burst and sustained contention while rejecting prepared addresses
  ---
  duration_ms: 2117.0013
  type: 'test'
  ...
# Subtest: content-addressed trajectory writes reject a symlink or junction at the final address
ok 86 - content-addressed trajectory writes reject a symlink or junction at the final address
  ---
  duration_ms: 1033.8226
  type: 'test'
  ...
# Subtest: Builder Gym CLI exposes the same Harness Gym status instead of a second platform
ok 87 - Builder Gym CLI exposes the same Harness Gym status instead of a second platform
  ---
  duration_ms: 4194.6069
  type: 'test'
  ...
# Subtest: skill benchmark verdicts are derived only from signed protected-evaluator receipts and recursive evidence
ok 88 - skill benchmark verdicts are derived only from signed protected-evaluator receipts and recursive evidence
  ---
  duration_ms: 2039.6764
  type: 'test'
  ...
# Subtest: skill promotion reopens benchmark canary and independent integrity evidence before any write
ok 89 - skill promotion reopens benchmark canary and independent integrity evidence before any write
  ---
  duration_ms: 3150.5997
  type: 'test'
  ...
# Subtest: a fresh builder case starts in decide with decide active
ok 90 - a fresh builder case starts in decide with decide active
  ---
  duration_ms: 258.9459
  type: 'test'
  ...
# Subtest: advancing decide->build is BLOCKED before an OpportunityContract + receipt exist
ok 91 - advancing decide->build is BLOCKED before an OpportunityContract + receipt exist
  ---
  duration_ms: 1.3179
  type: 'test'
  ...
# Subtest: the case advances once the handoff artifact + receipt exist
ok 92 - the case advances once the handoff artifact + receipt exist
  ---
  duration_ms: 18.9251
  type: 'test'
  ...
# Subtest: a forged/mismatched handoff ref stays BLOCKED (contentHash binding, not mere presence)
ok 93 - a forged/mismatched handoff ref stays BLOCKED (contentHash binding, not mere presence)
  ---
  duration_ms: 12.7949
  type: 'test'
  ...
# Subtest: a corrupt receipt ref stays BLOCKED with receipt-not-found
ok 94 - a corrupt receipt ref stays BLOCKED with receipt-not-found
  ---
  duration_ms: 4.2221
  type: 'test'
  ...
# Subtest: the salon OpportunityContract validates against its schema
ok 95 - the salon OpportunityContract validates against its schema
  ---
  duration_ms: 49.5364
  type: 'test'
  ...
# Subtest: the journey view reports the right current stage + needs
ok 96 - the journey view reports the right current stage + needs
  ---
  duration_ms: 5.2204
  type: 'test'
  ...
# Subtest: the contract validates against its own schema
ok 97 - the contract validates against its own schema
  ---
  duration_ms: 268.2857
  type: 'test'
  ...
# Subtest: the real measurement kills the real capability, and names which threshold did it
ok 98 - the real measurement kills the real capability, and names which threshold did it
  ---
  duration_ms: 1.5313
  type: 'test'
  ...
# Subtest: the same capability survives once it answers a question that genuinely needs it
ok 99 - the same capability survives once it answers a question that genuinely needs it
  ---
  duration_ms: 0.4024
  type: 'test'
  ...
# Subtest: a capability that beats every threshold is still decorative when only it consumes itself
ok 100 - a capability that beats every threshold is still decorative when only it consumes itself
  ---
  duration_ms: 0.3028
  type: 'test'
  ...
# Subtest: no declared consumer is decorative too, and says the plainer thing
ok 101 - no declared consumer is decorative too, and says the plainer thing
  ---
  duration_ms: 0.4579
  type: 'test'
  ...
# Subtest: a contract declared AFTER its own measurement is refused, not scored
ok 102 - a contract declared AFTER its own measurement is refused, not scored
  ---
  duration_ms: 2.2349
  type: 'test'
  ...
# Subtest: a measurement simultaneous with the declaration is refused as well
ok 103 - a measurement simultaneous with the declaration is refused as well
  ---
  duration_ms: 0.3977
  type: 'test'
  ...
# Subtest: measuring nothing is insufficient, never a keep-by-default
ok 104 - measuring nothing is insufficient, never a keep-by-default
  ---
  duration_ms: 0.3029
  type: 'test'
  ...
# Subtest: a kill clause whose metric nobody measured cannot clear the capability
ok 105 - a kill clause whose metric nobody measured cannot clear the capability
  ---
  duration_ms: 0.6569
  type: 'test'
  ...
# Subtest: a bet with no losing outcome is refused at parse time
ok 106 - a bet with no losing outcome is refused at parse time
  ---
  duration_ms: 0.6602
  type: 'test'
  ...
# Subtest: a prediction equal to the baseline is refused; doing nothing would satisfy it
ok 107 - a prediction equal to the baseline is refused; doing nothing would satisfy it
  ---
  duration_ms: 0.3669
  type: 'test'
  ...
# Subtest: a prose threshold is refused, because prose is what gets argued with
ok 108 - a prose threshold is refused, because prose is what gets argued with
  ---
  duration_ms: 0.2255
  type: 'test'
  ...
# Subtest: killed outranks decorative — a failed threshold is not first a staffing question
ok 109 - killed outranks decorative — a failed threshold is not first a staffing question
  ---
  duration_ms: 0.1739
  type: 'test'
  ...
# Subtest: a timezone offset cannot smuggle a measurement in before the contract
ok 110 - a timezone offset cannot smuggle a measurement in before the contract
  ---
  duration_ms: 0.2312
  type: 'test'
  ...
# Subtest: an offset measurement that is genuinely later still settles
ok 111 - an offset measurement that is genuinely later still settles
  ---
  duration_ms: 0.1397
  type: 'test'
  ...
# Subtest: an unparseable observedAt is refused rather than compared
ok 112 - an unparseable observedAt is refused rather than compared
  ---
  duration_ms: 0.1657
  type: 'test'
  ...
# Subtest: a declared consumer measured unreachable does not make a capability load-bearing
ok 113 - a declared consumer measured unreachable does not make a capability load-bearing
  ---
  duration_ms: 0.1385
  type: 'test'
  ...
# Subtest: a consumer measured reachable does settle load-bearing
ok 114 - a consumer measured reachable does settle load-bearing
  ---
  duration_ms: 0.261
  type: 'test'
  ...
# Subtest: a maker repeatedly reopens valid nested requirements and retries creation without losing its saved identity
ok 115 - a maker repeatedly reopens valid nested requirements and retries creation without losing its saved identity
  ---
  duration_ms: 527.5681
  type: 'test'
  ...
# Subtest: maker returns after restart to the same pending proposal, then duplicate approval and stale tab preserve the receipt
ok 116 - maker returns after restart to the same pending proposal, then duplicate approval and stale tab preserve the receipt
  ---
  duration_ms: 21.7907
  type: 'test'
  ...
# Subtest: a long-running local queue reopens exact history and rejects malformed or oversized checkpoint collections
ok 117 - a long-running local queue reopens exact history and rejects malformed or oversized checkpoint collections
  ---
  duration_ms: 1098.6365
  type: 'test'
  ...
# Subtest: a maker rejects malformed saved records and broken cross-case references before resuming an accepted sample
ok 118 - a maker rejects malformed saved records and broken cross-case references before resuming an accepted sample
  ---
  duration_ms: 43.4322
  type: 'test'
  ...
# Subtest: a maker can still reopen cancelled and failed-safe runs with unresolved samples without inventing acceptance
ok 119 - a maker can still reopen cancelled and failed-safe runs with unresolved samples without inventing acceptance
  ---
  duration_ms: 9.4133
  type: 'test'
  ...
# Subtest: memory runtime passes the provider-neutral adapter conformance suite
ok 120 - memory runtime passes the provider-neutral adapter conformance suite
  ---
  duration_ms: 41.4862
  type: 'test'
  ...
# Subtest: host-bound conformance verifies server-derived identity without requiring caller actor control
ok 121 - host-bound conformance verifies server-derived identity without requiring caller actor control
  ---
  duration_ms: 53.0343
  type: 'test'
  ...
# Subtest: runtime capability negotiation is provider-native and fails closed
ok 122 - runtime capability negotiation is provider-native and fails closed
  ---
  duration_ms: 0.288
  type: 'test'
  ...
# Subtest: portable values reject representation drift before hashing or storage
ok 123 - portable values reject representation drift before hashing or storage
  ---
  duration_ms: 3.4984
  type: 'test'
  ...
# Subtest: portable values enforce the conservative Convex intersection at exact boundaries
ok 124 - portable values enforce the conservative Convex intersection at exact boundaries
  ---
  duration_ms: 20.8094
  type: 'test'
  ...
# Subtest: receipt bindings use locale-independent portable ID order and complete event tie-breakers
ok 125 - receipt bindings use locale-independent portable ID order and complete event tie-breakers
  ---
  duration_ms: 0.7745
  type: 'test'
  ...
# Subtest: memory caseflow carries one guided transaction to a content-addressed receipt
ok 126 - memory caseflow carries one guided transaction to a content-addressed receipt
  ---
  duration_ms: 4.9995
  type: 'test'
  ...
# Subtest: memory receipts normalize bindings and derive every ID array from that order
ok 127 - memory receipts normalize bindings and derive every ID array from that order
  ---
  duration_ms: 4.9869
  type: 'test'
  ...
# Subtest: memory caseflow fails stale proposals closed and preserves the canonical artifact
ok 128 - memory caseflow fails stale proposals closed and preserves the canonical artifact
  ---
  duration_ms: 1.4184
  type: 'test'
  ...
# Subtest: memory caseflow makes exception recovery and next-action ownership explicit
ok 129 - memory caseflow makes exception recovery and next-action ownership explicit
  ---
  duration_ms: 1.6163
  type: 'test'
  ...
# Subtest: case intake persists idempotently and multiple exceptions remain contained
ok 130 - case intake persists idempotently and multiple exceptions remain contained
  ---
  duration_ms: 1.2404
  type: 'test'
  ...
# Subtest: memory caseflow retries decisions and completion without duplicate writes
ok 131 - memory caseflow retries decisions and completion without duplicate writes
  ---
  duration_ms: 3.7677
  type: 'test'
  ...
# Subtest: P1 Change Story evidence and NodeSlide application graph stay internally bound
ok 132 - P1 Change Story evidence and NodeSlide application graph stay internally bound
  ---
  duration_ms: 19.1726
  type: 'test'
  ...
# Subtest: every GitHub Action dependency is pinned to an immutable commit
ok 133 - every GitHub Action dependency is pinned to an immutable commit
  ---
  duration_ms: 48.0547
  type: 'test'
  ...
# Subtest: EaseProof pairs one cold run with the current warm run before emitting a verdict
ok 134 - EaseProof pairs one cold run with the current warm run before emitting a verdict
  ---
  duration_ms: 12.0823
  type: 'test'
  ...
# Subtest: quality runs both public boundaries and the exact-candidate gate
ok 135 - quality runs both public boundaries and the exact-candidate gate
  ---
  duration_ms: 4.6982
  type: 'test'
  ...
# Subtest: operator applies, verifies, then retires legacy input into a recoverable rollback
ok 136 - operator applies, verifies, then retires legacy input into a recoverable rollback
  ---
  duration_ms: 995.7605
  type: 'test'
  ...
# Subtest: a graph pinned to HEAD is current
ok 137 - a graph pinned to HEAD is current
  ---
  duration_ms: 4286.0328
  type: 'test'
  ...
# Subtest: the real case: a graph left behind reports how far, and how much of it was source
ok 138 - the real case: a graph left behind reports how far, and how much of it was source
  ---
  duration_ms: 9295.1934
  type: 'test'
  ...
# Subtest: the remedy names the external analyser, because NodeKit cannot rebuild this graph
ok 139 - the remedy names the external analyser, because NodeKit cannot rebuild this graph
  ---
  duration_ms: 6634.3274
  type: 'test'
  ...
# Subtest: a few commits of drift is tolerated but is NOT reported as pinned at HEAD
ok 140 - a few commits of drift is tolerated but is NOT reported as pinned at HEAD
  ---
  duration_ms: 2831.9979
  type: 'test'
  ...
# Subtest: a graph pinned to a DESCENDANT of HEAD is not current, however many commits rev-list counts
ok 141 - a graph pinned to a DESCENDANT of HEAD is not current, however many commits rev-list counts
  ---
  duration_ms: 1726.9123
  type: 'test'
  ...
# Subtest: a graph with zero nodes is not a fresh graph; it measured nothing
ok 142 - a graph with zero nodes is not a fresh graph; it measured nothing
  ---
  duration_ms: 1276.9146
  type: 'test'
  ...
# Subtest: no graph at all is distinguishable from a fresh one
ok 143 - no graph at all is distinguishable from a fresh one
  ---
  duration_ms: 169.012
  type: 'test'
  ...
# Subtest: a pinned commit not in this history yields no count rather than a confident wrong one
ok 144 - a pinned commit not in this history yields no count rather than a confident wrong one
  ---
  duration_ms: 1590.8704
  type: 'test'
  ...
# Subtest: a graph with no pinned commit is unknown, never current
ok 145 - a graph with no pinned commit is unknown, never current
  ---
  duration_ms: 1221.106
  type: 'test'
  ...
# Subtest: an EMPTY graph pinned to a descendant reports unrelated, not empty
ok 146 - an EMPTY graph pinned to a descendant reports unrelated, not empty
  ---
  duration_ms: 1696.2338
  type: 'test'
  ...
# Subtest: an empty graph pinned at HEAD is still empty
ok 147 - an empty graph pinned at HEAD is still empty
  ---
  duration_ms: 1238.7668
  type: 'test'
  ...
# Subtest: a graph pinned at HEAD whose nodes name deleted files is INACCURATE, not current
ok 148 - a graph pinned at HEAD whose nodes name deleted files is INACCURATE, not current
  ---
  duration_ms: 1373.8014
  type: 'test'
  ...
# Subtest: a graph whose every node resolves says so, rather than only that its commit matches
ok 149 - a graph whose every node resolves says so, rather than only that its commit matches
  ---
  duration_ms: 896.3559
  type: 'test'
  ...
# Subtest: central registry and platform manifest are internally consistent
ok 150 - central registry and platform manifest are internally consistent
  ---
  duration_ms: 1062.5167
  type: 'test'
  ...
# Subtest: an undeclared canonical signature fails closed
ok 151 - an undeclared canonical signature fails closed
  ---
  duration_ms: 33.5169
  type: 'test'
  ...
# Subtest: a classified adapter signature is accepted
ok 152 - a classified adapter signature is accepted
  ---
  duration_ms: 31.8685
  type: 'test'
  ...
# Subtest: generated JSON metadata is not scanned as executable source
ok 153 - generated JSON metadata is not scanned as executable source
  ---
  duration_ms: 27.1283
  type: 'test'
  ...
# Subtest: ignored temporary proof copies are not scanned as repository source
ok 154 - ignored temporary proof copies are not scanned as repository source
  ---
  duration_ms: 27.7418
  type: 'test'
  ...
# Subtest: nested temporary-looking source directories remain fail-closed
ok 155 - nested temporary-looking source directories remain fail-closed
  ---
  duration_ms: 26.8918
  type: 'test'
  ...
# Subtest: provider SDK imports in UI fail architecture conformance
ok 156 - provider SDK imports in UI fail architecture conformance
  ---
  duration_ms: 23.5686
  type: 'test'
  ...
# Subtest: malformed lifecycle and no-key fields cannot pass on source conformance alone
ok 157 - malformed lifecycle and no-key fields cannot pass on source conformance alone
  ---
  duration_ms: 21.2051
  type: 'test'
  ...
# Subtest: registry consumers cannot be omitted from a repository manifest
ok 158 - registry consumers cannot be omitted from a repository manifest
  ---
  duration_ms: 23.877
  type: 'test'
  ...
# Subtest: stale contract declarations fail closed
ok 159 - stale contract declarations fail closed
  ---
  duration_ms: 17.5409
  type: 'test'
  ...
# Subtest: certified no-key paths cannot require external accounts
ok 160 - certified no-key paths cannot require external accounts
  ---
  duration_ms: 20.6075
  type: 'test'
  ...
# Subtest: no-key commands must resolve to repository scripts
ok 161 - no-key commands must resolve to repository scripts
  ---
  duration_ms: 18.9037
  type: 'test'
  ...
# warning: in the working copy of 'package.json', LF will be replaced by CRLF the next time Git touches it
# warning: in the working copy of 'src/index.mjs', LF will be replaced by CRLF the next time Git touches it
# warning: in the working copy of 'package.json', LF will be replaced by CRLF the next time Git touches it
# warning: in the working copy of 'src/index.mjs', LF will be replaced by CRLF the next time Git touches it
# Subtest: tracked source verification never runs a mutating prepare lifecycle while dry-run and apply remain exact
ok 162 - tracked source verification never runs a mutating prepare lifecycle while dry-run and apply remain exact
  ---
  duration_ms: 13780.8194
  type: 'test'
  ...
# warning: in the working copy of 'package.json', LF will be replaced by CRLF the next time Git touches it
# warning: in the working copy of 'src/index.mjs', LF will be replaced by CRLF the next time Git touches it
# warning: in the working copy of 'package.json', LF will be replaced by CRLF the next time Git touches it
# warning: in the working copy of 'src/index.mjs', LF will be replaced by CRLF the next time Git touches it
# Subtest: source verification does not execute a prepare lifecycle whose helper is outside the distribution
ok 163 - source verification does not execute a prepare lifecycle whose helper is outside the distribution
  ---
  duration_ms: 4073.9322
  type: 'test'
  ...
# warning: in the working copy of 'package.json', LF will be replaced by CRLF the next time Git touches it
# warning: in the working copy of 'src/index.mjs', LF will be replaced by CRLF the next time Git touches it
# warning: in the working copy of 'package.json', LF will be replaced by CRLF the next time Git touches it
# warning: in the working copy of 'src/index.mjs', LF will be replaced by CRLF the next time Git touches it
# Subtest: apply never changes package.json unless --update-dependency was explicit
ok 164 - apply never changes package.json unless --update-dependency was explicit
  ---
  duration_ms: 4520.2864
  type: 'test'
  ...
# warning: in the working copy of 'package.json', LF will be replaced by CRLF the next time Git touches it
# warning: in the working copy of 'src/index.mjs', LF will be replaced by CRLF the next time Git touches it
# warning: in the working copy of 'package.json', LF will be replaced by CRLF the next time Git touches it
# warning: in the working copy of 'src/index.mjs', LF will be replaced by CRLF the next time Git touches it
# Subtest: fails closed for every supplied NodeKit identity field before writing
ok 165 - fails closed for every supplied NodeKit identity field before writing
  ---
  duration_ms: 7950.7073
  type: 'test'
  ...
# warning: in the working copy of 'package.json', LF will be replaced by CRLF the next time Git touches it
# warning: in the working copy of 'src/index.mjs', LF will be replaced by CRLF the next time Git touches it
# warning: in the working copy of 'package.json', LF will be replaced by CRLF the next time Git touches it
# warning: in the working copy of 'src/index.mjs', LF will be replaced by CRLF the next time Git touches it
# Subtest: rejects a structurally valid same-name/version archive whose package content is not the exact candidate source
ok 166 - rejects a structurally valid same-name/version archive whose package content is not the exact candidate source
  ---
  duration_ms: 2907.3302
  type: 'test'
  ...
# warning: in the working copy of 'package.json', LF will be replaced by CRLF the next time Git touches it
# warning: in the working copy of 'src/index.mjs', LF will be replaced by CRLF the next time Git touches it
# warning: in the working copy of 'package.json', LF will be replaced by CRLF the next time Git touches it
# warning: in the working copy of 'src/index.mjs', LF will be replaced by CRLF the next time Git touches it
# warning: in the working copy of 'package.json', LF will be replaced by CRLF the next time Git touches it
# warning: in the working copy of 'src/index.mjs', LF will be replaced by CRLF the next time Git touches it
# warning: in the working copy of 'package.json', LF will be replaced by CRLF the next time Git touches it
# warning: in the working copy of 'src/index.mjs', LF will be replaced by CRLF the next time Git touches it
# warning: in the working copy of 'concurrent.txt', LF will be replaced by CRLF the next time Git touches it
# warning: in the working copy of 'package.json', LF will be replaced by CRLF the next time Git touches it
# warning: in the working copy of 'src/index.mjs', LF will be replaced by CRLF the next time Git touches it
# warning: in the working copy of 'package.json', LF will be replaced by CRLF the next time Git touches it
# warning: in the working copy of 'src/index.mjs', LF will be replaced by CRLF the next time Git touches it
# Subtest: rechecks consumer HEAD, package bytes, cleanliness, and planned output state immediately before apply
ok 167 - rechecks consumer HEAD, package bytes, cleanliness, and planned output state immediately before apply
  ---
  duration_ms: 9425.7903
  type: 'test'
  ...
# warning: in the working copy of 'package.json', LF will be replaced by CRLF the next time Git touches it
# warning: in the working copy of 'src/index.mjs', LF will be replaced by CRLF the next time Git touches it
# warning: in the working copy of 'package.json', LF will be replaced by CRLF the next time Git touches it
# warning: in the working copy of 'src/index.mjs', LF will be replaced by CRLF the next time Git touches it
# warning: in the working copy of 'package.json', LF will be replaced by CRLF the next time Git touches it
# warning: in the working copy of 'src/index.mjs', LF will be replaced by CRLF the next time Git touches it
# warning: in the working copy of 'package.json', LF will be replaced by CRLF the next time Git touches it
# warning: in the working copy of 'src/index.mjs', LF will be replaced by CRLF the next time Git touches it
# warning: in the working copy of 'package.json', LF will be replaced by CRLF the next time Git touches it
# warning: in the working copy of 'src/index.mjs', LF will be replaced by CRLF the next time Git touches it
# warning: in the working copy of 'package.json', LF will be replaced by CRLF the next time Git touches it
# warning: in the working copy of 'src/index.mjs', LF will be replaced by CRLF the next time Git touches it
# warning: in the working copy of 'package.json', LF will be replaced by CRLF the next time Git touches it
# warning: in the working copy of 'src/index.mjs', LF will be replaced by CRLF the next time Git touches it
# warning: in the working copy of 'package.json', LF will be replaced by CRLF the next time Git touches it
# warning: in the working copy of 'src/index.mjs', LF will be replaced by CRLF the next time Git touches it
# Subtest: rejects dirty source or consumer worktrees and requires a single existing dependency for updates
ok 168 - rejects dirty source or consumer worktrees and requires a single existing dependency for updates
  ---
  duration_ms: 7335.3841
  type: 'test'
  ...
# warning: in the working copy of 'package.json', LF will be replaced by CRLF the next time Git touches it
# warning: in the working copy of 'src/index.mjs', LF will be replaced by CRLF the next time Git touches it
# warning: in the working copy of 'package.json', LF will be replaced by CRLF the next time Git touches it
# warning: in the working copy of 'src/index.mjs', LF will be replaced by CRLF the next time Git touches it
# Subtest: rejects path escapes, collisions, unknown CLI flags, duplicates, and missing CLI identity
ok 169 - rejects path escapes, collisions, unknown CLI flags, duplicates, and missing CLI identity
  ---
  duration_ms: 1775.4948
  type: 'test'
  ...
# Subtest: generated manifests use the canonical flat contracts and resolve event/trace versions
ok 170 - generated manifests use the canonical flat contracts and resolve event/trace versions
  ---
  duration_ms: 6473.0152
  type: 'test'
  ...
# Subtest: applications authored before contracts references were added remain v1 compatible
ok 171 - applications authored before contracts references were added remain v1 compatible
  ---
  duration_ms: 4460.7011
  type: 'test'
  ...
# Subtest: pack-root SKILL.md files appear in compiled discovery
ok 172 - pack-root SKILL.md files appear in compiled discovery
  ---
  duration_ms: 2933.0671
  type: 'test'
  ...
# Subtest: nodeagent application apiVersion/kind/spec envelopes fail closed
ok 173 - nodeagent application apiVersion/kind/spec envelopes fail closed
  ---
  duration_ms: 1057.2254
  type: 'test'
  ...
# Subtest: nodeagent pack apiVersion/kind/spec envelopes fail closed
ok 174 - nodeagent pack apiVersion/kind/spec envelopes fail closed
  ---
  duration_ms: 1081.8792
  type: 'test'
  ...
# Subtest: nodekit repository apiVersion/kind/spec envelopes fail closed
ok 175 - nodekit repository apiVersion/kind/spec envelopes fail closed
  ---
  duration_ms: 2538.5376
  type: 'test'
  ...
# Subtest: canonical event envelopes are strict and traceable
ok 176 - canonical event envelopes are strict and traceable
  ---
  duration_ms: 36.0287
  type: 'test'
  ...
# Subtest: NodeBenchAI is tracked honestly as an active production application
ok 177 - NodeBenchAI is tracked honestly as an active production application
  ---
  duration_ms: 27.4456
  type: 'test'
  ...
# Subtest: the real repository's newcomer surfaces define their own jargon
ok 178 - the real repository's newcomer surfaces define their own jargon
  ---
  duration_ms: 13.5704
  type: 'test'
  ...
# Subtest: the audit fails when user-facing copy uses a NodeKit term the glossary never defines
ok 179 - the audit fails when user-facing copy uses a NodeKit term the glossary never defines
  ---
  duration_ms: 46.0279
  type: 'test'
  ...
# Subtest: the audit fails when copy defines its terms but never tells the reader where the definitions are
ok 180 - the audit fails when copy defines its terms but never tells the reader where the definitions are
  ---
  duration_ms: 49.8852
  type: 'test'
  ...
# Subtest: the audit does not flag NodeKit terms that appear inside code, paths, or link targets
ok 181 - the audit does not flag NodeKit terms that appear inside code, paths, or link targets
  ---
  duration_ms: 39.8152
  type: 'test'
  ...
# Subtest: fabricated entities are caught against the approved source
ok 182 - fabricated entities are caught against the approved source
  ---
  duration_ms: 4.7155
  type: 'test'
  ...
# Subtest: copy that reuses only source entities is not flagged as fabrication
ok 183 - copy that reuses only source entities is not flagged as fabrication
  ---
  duration_ms: 1.7647
  type: 'test'
  ...
# Subtest: an unsupported capability claim is a hard failure
ok 184 - an unsupported capability claim is a hard failure
  ---
  duration_ms: 0.4267
  type: 'test'
  ...
# Subtest: a completion claim with no receipt behind it is a hard failure
ok 185 - a completion claim with no receipt behind it is a hard failure
  ---
  duration_ms: 0.7989
  type: 'test'
  ...
# Subtest: claiming a mutation the agent may not perform is a hard failure
ok 186 - claiming a mutation the agent may not perform is a hard failure
  ---
  duration_ms: 0.4473
  type: 'test'
  ...
# Subtest: a failure message with no next action is a hard failure
ok 187 - a failure message with no next action is a hard failure
  ---
  duration_ms: 1.3696
  type: 'test'
  ...
# Subtest: a noun inside the failure itself is not mistaken for its own remedy
ok 188 - a noun inside the failure itself is not mistaken for its own remedy
  ---
  duration_ms: 0.5192
  type: 'test'
  ...
# Subtest: style findings are reported but can never fail the gate
ok 189 - style findings are reported but can never fail the gate
  ---
  duration_ms: 1.2819
  type: 'test'
  ...
# Subtest: without a source, fabrication is declared unchecked rather than silently passed
ok 190 - without a source, fabrication is declared unchecked rather than silently passed
  ---
  duration_ms: 0.6911
  type: 'test'
  ...
# Subtest: hard failures and advisory findings never share a bucket
ok 191 - hard failures and advisory findings never share a bucket
  ---
  duration_ms: 0.8933
  type: 'test'
  ...
# Subtest: a missing ledger is an empty one, not an error
ok 192 - a missing ledger is an empty one, not an error
  ---
  duration_ms: 10.398
  type: 'test'
  ...
# Subtest: an open deferral blocks, and closing one requires saying what closed it
ok 193 - an open deferral blocks, and closing one requires saying what closed it
  ---
  duration_ms: 121.0595
  type: 'test'
  ...
# Subtest: the ledger refuses shapes that would read as valid
ok 194 - the ledger refuses shapes that would read as valid
  ---
  duration_ms: 96.1416
  type: 'test'
  ...
# Subtest: this repository's own ledger is valid, and every entry says something checkable
ok 195 - this repository's own ledger is valid, and every entry says something checkable
  ---
  duration_ms: 9.5302
  type: 'test'
  ...
# Subtest: submission preparation keeps stdout machine-readable and refuses through submissionReady
ok 196 - submission preparation keeps stdout machine-readable and refuses through submissionReady
  ---
  duration_ms: 2616.7444
  type: 'test'
  ...
# Subtest: a claim citing evidence the build cannot show is an invented capability
ok 197 - a claim citing evidence the build cannot show is an invented capability
  ---
  duration_ms: 3.9553
  type: 'test'
  ...
# Subtest: a claim bound to real pack evidence passes, and the coverage is reported
ok 198 - a claim bound to real pack evidence passes, and the coverage is reported
  ---
  duration_ms: 0.4968
  type: 'test'
  ...
# Subtest: a claim with an empty evidence list is refused at write time
ok 199 - a claim with an empty evidence list is refused at write time
  ---
  duration_ms: 0.7001
  type: 'test'
  ...
# Subtest: the brief inherits the build's own statement of what it did not establish
ok 200 - the brief inherits the build's own statement of what it did not establish
  ---
  duration_ms: 0.2216
  type: 'test'
  ...
# Subtest: a brief compiled against one case cannot be evaluated against another
ok 201 - a brief compiled against one case cannot be evaluated against another
  ---
  duration_ms: 0.2338
  type: 'test'
  ...
# Subtest: a brief with no claims measured nothing, and is not a pass
ok 202 - a brief with no claims measured nothing, and is not a pass
  ---
  duration_ms: 0.2199
  type: 'test'
  ...
# Subtest: three directions that tell the same story are one direction with three titles
ok 203 - three directions that tell the same story are one direction with three titles
  ---
  duration_ms: 0.669
  type: 'test'
  ...
# Subtest: fewer than three directions is not a choice, and an unknown role is refused
ok 204 - fewer than three directions is not a choice, and an unknown role is refused
  ---
  duration_ms: 0.2695
  type: 'test'
  ...
# Subtest: the brief refuses shapes that would read as complete
ok 205 - the brief refuses shapes that would read as complete
  ---
  duration_ms: 0.6604
  type: 'test'
  ...
# Subtest: a derived contract says so, and names what its source did not settle
ok 206 - a derived contract says so, and names what its source did not settle
  ---
  duration_ms: 253.6392
  type: 'test'
  ...
# Subtest: derivedFrom refuses a shape that would read as provenance without being it
ok 207 - derivedFrom refuses a shape that would read as provenance without being it
  ---
  duration_ms: 5.3705
  type: 'test'
  ...
# Subtest: hosted timing pair binds one cold run and one warm run to one candidate
ok 208 - hosted timing pair binds one cold run and one warm run to one candidate
  ---
  duration_ms: 8.2265
  type: 'test'
  ...
# Subtest: hosted timing pair fails closed on a third run, duplicate receipt, or workflow drift
ok 209 - hosted timing pair fails closed on a third run, duplicate receipt, or workflow drift
  ---
  duration_ms: 3.269
  type: 'test'
  ...
# Subtest: hosted timing aggregation writes the canonical 60-run matrix and verdict
ok 210 - hosted timing aggregation writes the canonical 60-run matrix and verdict
  ---
  duration_ms: 730.9706
  type: 'test'
  ...
# Subtest: distributable candidate pathspec includes packaged Evolution Ledger files
ok 211 - distributable candidate pathspec includes packaged Evolution Ledger files
  ---
  duration_ms: 2.2067
  type: 'test'
  ...
# Subtest: dirty distributable evolution files fail the shared package and PostgreSQL candidate gate
ok 212 - dirty distributable evolution files fail the shared package and PostgreSQL candidate gate
  ---
  duration_ms: 1.0422
  type: 'test'
  ...
# Subtest: shared porcelain parser preserves both rename paths
ok 213 - shared porcelain parser preserves both rename paths
  ---
  duration_ms: 0.2663
  type: 'test'
  ...
# Subtest: fresh-user evidence fails closed without five real participants
ok 214 - fresh-user evidence fails closed without five real participants
  ---
  duration_ms: 2.7651
  type: 'test'
  ...
# Subtest: developer timing matrix fails closed until all sixty isolated trials exist
ok 215 - developer timing matrix fails closed until all sixty isolated trials exist
  ---
  duration_ms: 2.1939
  type: 'test'
  ...
# Subtest: developer timing verdict binds exactly sixty unique recomputed receipts
ok 216 - developer timing verdict binds exactly sixty unique recomputed receipts
  ---
  duration_ms: 15.9919
  type: 'test'
  ...
# Subtest: developer timing evidence cannot mix otherwise valid revisions
ok 217 - developer timing evidence cannot mix otherwise valid revisions
  ---
  duration_ms: 4.4361
  type: 'test'
  ...
# Subtest: developer timing evidence fails closed on a slow individual run even when medians remain fast
ok 218 - developer timing evidence fails closed on a slow individual run even when medians remain fast
  ---
  duration_ms: 3.6057
  type: 'test'
  ...
# Subtest: developer timing evidence fails closed on a slow cell median
ok 219 - developer timing evidence fails closed on a slow cell median
  ---
  duration_ms: 4.4
  type: 'test'
  ...
# Subtest: developer timing evidence requires hosted provenance and one exact tarball
ok 220 - developer timing evidence requires hosted provenance and one exact tarball
  ---
  duration_ms: 4.0993
  type: 'test'
  ...
# Subtest: fresh-user evidence requires exact revision, consent, timestamps, screenshot and session log
ok 221 - fresh-user evidence requires exact revision, consent, timestamps, screenshot and session log
  ---
  duration_ms: 1.5662
  type: 'test'
  ...
# Subtest: fresh-user verdict emits participant-level evidence and recomputable metrics
ok 222 - fresh-user verdict emits participant-level evidence and recomputable metrics
  ---
  duration_ms: 1.2717
  type: 'test'
  ...
# Subtest: fresh-user evidence requires exactly five participants
ok 223 - fresh-user evidence requires exactly five participants
  ---
  duration_ms: 1.1457
  type: 'test'
  ...
# Subtest: human CLI evaluator reads and hashes the exact screenshot and session log files
ok 224 - human CLI evaluator reads and hashes the exact screenshot and session log files
  ---
  duration_ms: 604.9407
  type: 'test'
  ...
# Subtest: EaseProof keeps browser contracts distinct from certification
ok 225 - EaseProof keeps browser contracts distinct from certification
  ---
  duration_ms: 10.4542
  type: 'test'
  ...
# Subtest: generated UI scenarios are backed by caseflow conflict, exception, and receipt records
ok 226 - generated UI scenarios are backed by caseflow conflict, exception, and receipt records
  ---
  duration_ms: 1.5046
  type: 'test'
  ...
# Subtest: generated UI exposes one coherent next action for each lifecycle state
ok 227 - generated UI exposes one coherent next action for each lifecycle state
  ---
  duration_ms: 2.2024
  type: 'test'
  ...
# Subtest: fresh-agent recorder preserves process fields and prohibits routine reprompts
ok 228 - fresh-agent recorder preserves process fields and prohibits routine reprompts
  ---
  duration_ms: 3.593
  type: 'test'
  ...
# Subtest: fresh-agent evaluator enforces the complete 15-run cross-agent matrix
ok 229 - fresh-agent evaluator enforces the complete 15-run cross-agent matrix
  ---
  duration_ms: 3.7063
  type: 'test'
  ...
# Subtest: fresh-agent completion detection distinguishes domain blockers from write blockage
ok 230 - fresh-agent completion detection distinguishes domain blockers from write blockage
  ---
  duration_ms: 2.2788
  type: 'test'
  ...
# Subtest: submission remains fail-closed while external EaseProof gates are open
ok 231 - submission remains fail-closed while external EaseProof gates are open
  ---
  duration_ms: 3.8171
  type: 'test'
  ...
# Subtest: developer timer starts at an empty launcher and invokes the exact installed tarball
ok 232 - developer timer starts at an empty launcher and invokes the exact installed tarball
  ---
  duration_ms: 7.7378
  type: 'test'
  ...
# Subtest: the status and reviewer are derived from the credential, not read from anything the caller wrote
ok 233 - the status and reviewer are derived from the credential, not read from anything the caller wrote
  ---
  duration_ms: 7.8279
  type: 'test'
  ...
# Subtest: a reviewer named in the event itself has no effect on the derived reviewer
ok 234 - a reviewer named in the event itself has no effect on the derived reviewer
  ---
  duration_ms: 1.4177
  type: 'test'
  ...
# Subtest: a weaker credential does not quietly satisfy a stronger requirement
ok 235 - a weaker credential does not quietly satisfy a stronger requirement
  ---
  duration_ms: 8.4224
  type: 'test'
  ...
# Subtest: trust levels are ordered, so comparisons are meaningful
ok 236 - trust levels are ordered, so comparisons are meaningful
  ---
  duration_ms: 0.3128
  type: 'test'
  ...
# Subtest: an approval does not survive any change to what it approved
ok 237 - an approval does not survive any change to what it approved
  ---
  duration_ms: 1.1307
  type: 'test'
  ...
# Subtest: an approval is single use, so it is a decision rather than a standing grant
ok 238 - an approval is single use, so it is a decision rather than a standing grant
  ---
  duration_ms: 1.0959
  type: 'test'
  ...
# Subtest: an expired or not-yet-valid approval is refused
ok 239 - an expired or not-yet-valid approval is refused
  ---
  duration_ms: 1.4185
  type: 'test'
  ...
# Subtest: a signature made for repair promotion cannot promote a ledger event
ok 240 - a signature made for repair promotion cannot promote a ledger event
  ---
  duration_ms: 1.5842
  type: 'test'
  ...
# Subtest: an untrusted credential, or one not authorized for this purpose, is refused
ok 241 - an untrusted credential, or one not authorized for this purpose, is refused
  ---
  duration_ms: 1.4629
  type: 'test'
  ...
# Subtest: an approval issued under a superseded trust policy is refused
ok 242 - an approval issued under a superseded trust policy is refused
  ---
  duration_ms: 1.1616
  type: 'test'
  ...
# Subtest: a forged signature is refused
ok 243 - a forged signature is refused
  ---
  duration_ms: 1.0679
  type: 'test'
  ...
# Subtest: editing an approved field breaks the approval's own hash
ok 244 - editing an approved field breaks the approval's own hash
  ---
  duration_ms: 0.6436
  type: 'test'
  ...
# Subtest: with no trust policy nothing can be promoted
ok 245 - with no trust policy nothing can be promoted
  ---
  duration_ms: 0.4996
  type: 'test'
  ...
# Subtest: every refusal exits 5, so a caller can tell it from an ordinary failure
ok 246 - every refusal exits 5, so a caller can tell it from an ordinary failure
  ---
  duration_ms: 0.4975
  type: 'test'
  ...
# Subtest: editing a committed record's claim is reported as a mutation
ok 247 - editing a committed record's claim is reported as a mutation
  ---
  duration_ms: 2140.2596
  type: 'test'
  ...
# Subtest: an uncommitted edit is caught, because verify reports on the bytes on disk
ok 248 - an uncommitted edit is caught, because verify reports on the bytes on disk
  ---
  duration_ms: 2341.7315
  type: 'test'
  ...
# Subtest: repairing a binding is allowed and reported separately from a claim change
ok 249 - repairing a binding is allowed and reported separately from a claim change
  ---
  duration_ms: 3152.3416
  type: 'test'
  ...
# Subtest: an untouched record produces neither an issue nor a warning
ok 250 - an untouched record produces neither an issue nor a warning
  ---
  duration_ms: 1790.8915
  type: 'test'
  ...
# Subtest: without git, the check reports that it could not look rather than passing
ok 251 - without git, the check reports that it could not look rather than passing
  ---
  duration_ms: 87.8734
  type: 'test'
  ...
# warning: in the working copy of 'verifier.txt', LF will be replaced by CRLF the next time Git touches it
# Subtest: Evolution Ledger verifies causal records, immutable evidence, and consumer adoption
ok 252 - Evolution Ledger verifies causal records, immutable evidence, and consumer adoption
  ---
  duration_ms: 4626.4195
  type: 'test'
  ...
# warning: in the working copy of 'verifier.txt', LF will be replaced by CRLF the next time Git touches it
# Subtest: Evolution Ledger detects evidence drift and refuses canonical overwrite
ok 253 - Evolution Ledger detects evidence drift and refuses canonical overwrite
  ---
  duration_ms: 3974.2367
  type: 'test'
  ...
# warning: in the working copy of 'verifier.txt', LF will be replaced by CRLF the next time Git touches it
# Subtest: verified evolution history generates projections and only proposes Knowledge Evolution changes
ok 254 - verified evolution history generates projections and only proposes Knowledge Evolution changes
  ---
  duration_ms: 2902.7065
  type: 'test'
  ...
# warning: in the working copy of 'verifier.txt', LF will be replaced by CRLF the next time Git touches it
# warning: in the working copy of 'src/runtime.mjs', LF will be replaced by CRLF the next time Git touches it
# Subtest: materiality gate blocks unrecorded system changes and accepts a reviewed event in range
ok 255 - materiality gate blocks unrecorded system changes and accepts a reviewed event in range
  ---
  duration_ms: 2235.9273
  type: 'test'
  ...
# warning: in the working copy of 'verifier.txt', LF will be replaced by CRLF the next time Git touches it
# warning: in the working copy of 'src/session-resume.mjs', LF will be replaced by CRLF the next time Git touches it
# warning: in the working copy of 'README.md', LF will be replaced by CRLF the next time Git touches it
# warning: in the working copy of 'src/session-resume.mjs', LF will be replaced by CRLF the next time Git touches it
# warning: in the working copy of 'src/lib/evolution-trust.mjs', LF will be replaced by CRLF the next time Git touches it
# warning: in the working copy of '.github/workflows/quality.yml', LF will be replaced by CRLF the next time Git touches it
# warning: in the working copy of 'src/next-runtime.mjs', LF will be replaced by CRLF the next time Git touches it
# Subtest: reversible package change continues with exact live I/O, human-goal proof, and no forged approval
ok 256 - reversible package change continues with exact live I/O, human-goal proof, and no forged approval
  ---
  duration_ms: 10634.1118
  type: 'test'
  ...
# warning: in the working copy of 'verifier.txt', LF will be replaced by CRLF the next time Git touches it
# warning: in the working copy of 'src/ui-runtime.mjs', LF will be replaced by CRLF the next time Git touches it
# Subtest: deferred review refuses missing UI proof and evidence that is not bound to rollback
ok 257 - deferred review refuses missing UI proof and evidence that is not bound to rollback
  ---
  duration_ms: 2737.9908
  type: 'test'
  ...
# warning: in the working copy of 'verifier.txt', LF will be replaced by CRLF the next time Git touches it
# warning: in the working copy of 'src/lib/evolution-trust.mjs', LF will be replaced by CRLF the next time Git touches it
# Subtest: approval-architecture changes require a content-bound operator directive
ok 258 - approval-architecture changes require a content-bound operator directive
  ---
  duration_ms: 2496.3213
  type: 'test'
  ...
# warning: in the working copy of 'verifier.txt', LF will be replaced by CRLF the next time Git touches it
# warning: in the working copy of 'src/migrations/drop-state.mjs', LF will be replaced by CRLF the next time Git touches it
# Subtest: deferred review cannot bypass pre-action review for migration paths
ok 259 - deferred review cannot bypass pre-action review for migration paths
  ---
  duration_ms: 1600.8864
  type: 'test'
  ...
# warning: in the working copy of 'verifier.txt', LF will be replaced by CRLF the next time Git touches it
# Subtest: concurrent agent proposals with one id never become last-writer-wins
ok 260 - concurrent agent proposals with one id never become last-writer-wins
  ---
  duration_ms: 719.1908
  type: 'test'
  ...
# Subtest: an assumption that generalises must name the dimension its evidence measured
ok 261 - an assumption that generalises must name the dimension its evidence measured
  ---
  duration_ms: 1.5905
  type: 'test'
  ...
# Subtest: every assumption shipped in this repository names its measured dimension
ok 262 - every assumption shipped in this repository names its measured dimension
  ---
  duration_ms: 3.6821
  type: 'test'
  ...
# warning: in the working copy of 'observation.txt', LF will be replaced by CRLF the next time Git touches it
# warning: in the working copy of 'evolution/assumptions/asm-strong-model-infers-topology.json', LF will be replaced by CRLF the next time Git touches it
# warning: in the working copy of 'evolution/evidence/evd-observed-topology.json', LF will be replaced by CRLF the next time Git touches it
# warning: in the working copy of 'evolution/ledger.json', LF will be replaced by CRLF the next time Git touches it
# warning: in the working copy of 'evolution/assumptions/asm-strong-model-infers-topology.json', LF will be replaced by CRLF the next time Git touches it
# warning: in the working copy of 'evolution/assumptions/asm-strong-model-infers-topology.json', LF will be replaced by CRLF the next time Git touches it
# warning: in the working copy of 'evolution/evidence/evd-observed-topology.json', LF will be replaced by CRLF the next time Git touches it
# warning: in the working copy of 'evolution/ledger.json', LF will be replaced by CRLF the next time Git touches it
# warning: in the working copy of 'evidence/current-recovery/historical-records.json', LF will be replaced by CRLF the next time Git touches it
# warning: in the working copy of 'evidence/current-recovery/operator-directive.md', LF will be replaced by CRLF the next time Git touches it
# warning: in the working copy of 'evolution/evidence/evd-historical-ack.json', LF will be replaced by CRLF the next time Git touches it
# Subtest: historical dimensions acknowledgment remains exact through tampering, repeated and concurrent use
ok 263 - historical dimensions acknowledgment remains exact through tampering, repeated and concurrent use
  ---
  duration_ms: 29560.7784
  type: 'test'
  ...
# warning: in the working copy of 'verifier.txt', LF will be replaced by CRLF the next time Git touches it
# warning: in the working copy of 'evolution/adoptions/adp-test.json', LF will be replaced by CRLF the next time Git touches it
# warning: in the working copy of 'evolution/approval-evt-test.json', LF will be replaced by CRLF the next time Git touches it
# warning: in the working copy of 'evolution/approvals/consumed.json', LF will be replaced by CRLF the next time Git touches it
# warning: in the working copy of 'evolution/assumptions/asm-test.json', LF will be replaced by CRLF the next time Git touches it
# warning: in the working copy of 'evolution/events/architecture/evt-test.json', LF will be replaced by CRLF the next time Git touches it
# warning: in the working copy of 'evolution/evidence/evd-test.json', LF will be replaced by CRLF the next time Git touches it
# warning: in the working copy of 'evolution/invariants/inv-test.json', LF will be replaced by CRLF the next time Git touches it
# warning: in the working copy of 'evolution/ledger.json', LF will be replaced by CRLF the next time Git touches it
# warning: in the working copy of 'evolution/trust-policy.json', LF will be replaced by CRLF the next time Git touches it
# warning: in the working copy of 'src/lib/evolution-immutability.mjs', LF will be replaced by CRLF the next time Git touches it
# warning: in the working copy of 'verifier.txt', LF will be replaced by CRLF the next time Git touches it
# warning: in the working copy of 'evolution/adoptions/adp-test.json', LF will be replaced by CRLF the next time Git touches it
# warning: in the working copy of 'evolution/approval-evt-test.json', LF will be replaced by CRLF the next time Git touches it
# warning: in the working copy of 'evolution/approvals/consumed.json', LF will be replaced by CRLF the next time Git touches it
# warning: in the working copy of 'evolution/assumptions/asm-test.json', LF will be replaced by CRLF the next time Git touches it
# warning: in the working copy of 'evolution/events/architecture/evt-test.json', LF will be replaced by CRLF the next time Git touches it
# warning: in the working copy of 'evolution/evidence/evd-test.json', LF will be replaced by CRLF the next time Git touches it
# warning: in the working copy of 'evolution/invariants/inv-test.json', LF will be replaced by CRLF the next time Git touches it
# warning: in the working copy of 'evolution/ledger.json', LF will be replaced by CRLF the next time Git touches it
# warning: in the working copy of 'evolution/trust-policy.json', LF will be replaced by CRLF the next time Git touches it
# warning: in the working copy of 'schemas/nodekit.evolution-evidence.v1.schema.json', LF will be replaced by CRLF the next time Git touches it
# Subtest: a maintainer changing either historical admission owner must bind the actual operator directive
ok 264 - a maintainer changing either historical admission owner must bind the actual operator directive
  ---
  duration_ms: 5183.1793
  type: 'test'
  ...
# Subtest: brownfield architect compiles a disposable graph with the fixed vocabulary and generated design projection
ok 265 - brownfield architect compiles a disposable graph with the fixed vocabulary and generated design projection
  ---
  duration_ms: 250.6438
  type: 'test'
  ...
# Subtest: founder change flows through isolated verification, waits for every typed edge, and is certified by NodeProof
ok 266 - founder change flows through isolated verification, waits for every typed edge, and is certified by NodeProof
  ---
  duration_ms: 88.8368
  type: 'test'
  ...
# Subtest: fresh context is rejected as fake independence when an evaluator reuses the producing actor
ok 267 - fresh context is rejected as fake independence when an evaluator reuses the producing actor
  ---
  duration_ms: 7.9638
  type: 'test'
  ...
# Subtest: architect fails closed on unsafe fan-out, unqualified evaluators, and external writes without a human gate
ok 268 - architect fails closed on unsafe fan-out, unqualified evaluators, and external writes without a human gate
  ---
  duration_ms: 2.0486
  type: 'test'
  ...
# Subtest: bounded repair attempts stop a failing agent loop instead of growing trace state forever
ok 269 - bounded repair attempts stop a failing agent loop instead of growing trace state forever
  ---
  duration_ms: 1.9778
  type: 'test'
  ...
# Subtest: tampered graph or trace identities fail closed instead of returning optimistic status
ok 270 - tampered graph or trace identities fail closed instead of returning optimistic status
  ---
  duration_ms: 4.6403
  type: 'test'
  ...
# Subtest: brownfield sequential-versus-graph experiment uses measured thresholds without score floors
ok 271 - brownfield sequential-versus-graph experiment uses measured thresholds without score floors
  ---
  duration_ms: 41.3383
  type: 'test'
  ...
# Subtest: create emits a parseable, reproducible application from multiline input
ok 272 - create emits a parseable, reproducible application from multiline input
  ---
  duration_ms: 696.6629
  type: 'test'
  ...
# Subtest: primary create rejects every domain preset without suggesting a narrow alternative
ok 273 - primary create rejects every domain preset without suggesting a narrow alternative
  ---
  duration_ms: 2.1784
  type: 'test'
  ...
# Subtest: the published package and CLI expose only the blank figured-out factory
ok 274 - the published package and CLI expose only the blank figured-out factory
  ---
  duration_ms: 378.7242
  type: 'test'
  ...
# Subtest: compiled hash detects fixture drift and literal secrets fail closed
ok 275 - compiled hash detects fixture drift and literal secrets fail closed
  ---
  duration_ms: 6255.4699
  type: 'test'
  ...
# Subtest: compiled identity is stable across LF and CRLF checkouts
ok 276 - compiled identity is stable across LF and CRLF checkouts
  ---
  duration_ms: 6975.9224
  type: 'test'
  ...
# Subtest: compiled hash binds the shipped app, workflow, dependency, and deployment surface
ok 277 - compiled hash binds the shipped app, workflow, dependency, and deployment surface
  ---
  duration_ms: 7666.3237
  type: 'test'
  ...
# Subtest: authoring.directory outside the conventional root is discovered and hash-bound
ok 278 - authoring.directory outside the conventional root is discovered and hash-bound
  ---
  duration_ms: 3359.518
  type: 'test'
  ...
# Subtest: authoring.directory cannot escape the repository
ok 279 - authoring.directory cannot escape the repository
  ---
  duration_ms: 984.7141
  type: 'test'
  ...
# Subtest: create refuses nonempty targets
ok 280 - create refuses nonempty targets
  ---
  duration_ms: 8.3402
  type: 'test'
  ...
# Subtest: create rejects an unsupported package manager before writing files
ok 281 - create rejects an unsupported package manager before writing files
  ---
  duration_ms: 2.5649
  type: 'test'
  ...
# Subtest: default projects vendor the exact NodeKit runtime without polluting capability discovery
ok 282 - default projects vendor the exact NodeKit runtime without polluting capability discovery
  ---
  duration_ms: 3805.1552
  type: 'test'
  ...
# Subtest: a default vendored runtime installs cold without NodeKit build-only files
ok 283 - a default vendored runtime installs cold without NodeKit build-only files
  ---
  duration_ms: 12254.4224
  type: 'test'
  ...
# Subtest: create --local-proof emits the deterministic receipt in one CLI workflow
ok 284 - create --local-proof emits the deterministic receipt in one CLI workflow
  ---
  duration_ms: 5949.8837
  type: 'test'
  ...
# Subtest: adopt is additive, runnable, and reports collisions
ok 285 - adopt is additive, runnable, and reports collisions
  ---
  duration_ms: 147.0161
  type: 'test'
  ...
# Subtest: adopt with the default vendored runtime is runnable with zero install
ok 286 - adopt with the default vendored runtime is runnable with zero install
  ---
  duration_ms: 945.7221
  type: 'test'
  ...
# Initialized empty Git repository in C:/Users/hshum/AppData/Local/Temp/nodekit-local-proof-pFHIjb/.git/
# [master (root-commit) f4c177e] chore: initialize NodeKit application
#  368 files changed, 66113 insertions(+)
#  create mode 100644 .claude/skills/nodekit-launch/SKILL.md
#  create mode 100644 .claude/skills/nodekit-launch/agents/openai.yaml
#  create mode 100644 .claude/skills/nodekit-launch/references/launch-contract.md
#  create mode 100644 .claude/skills/nodekit-present/SKILL.md
#  create mode 100644 .claude/skills/nodekit-present/agents/openai.yaml
#  create mode 100644 .claude/skills/nodekit-present/references/change-story-contract.md
#  create mode 100644 .claude/skills/nodekit-qa/SKILL.md
#  create mode 100644 .claude/skills/nodekit-qa/agents/openai.yaml
#  create mode 100644 .claude/skills/nodekit-qa/references/qa-contract.md
#  create mode 100644 .claude/skills/skill-provenance.json
#  create mode 100644 .codex/skills/nodekit-launch/SKILL.md
#  create mode 100644 .codex/skills/nodekit-launch/agents/openai.yaml
#  create mode 100644 .codex/skills/nodekit-launch/references/launch-contract.md
#  create mode 100644 .codex/skills/nodekit-present/SKILL.md
#  create mode 100644 .codex/skills/nodekit-present/agents/openai.yaml
#  create mode 100644 .codex/skills/nodekit-present/references/change-story-contract.md
#  create mode 100644 .codex/skills/nodekit-qa/SKILL.md
#  create mode 100644 .codex/skills/nodekit-qa/agents/openai.yaml
#  create mode 100644 .codex/skills/nodekit-qa/references/qa-contract.md
#  create mode 100644 .codex/skills/skill-provenance.json
#  create mode 100644 .dockerignore
#  create mode 100644 .env.example
#  create mode 100644 .gitattributes
#  create mode 100644 .gitignore
#  create mode 100644 AGENTS.md
#  create mode 100644 CLAUDE.md
#  create mode 100644 Dockerfile
#  create mode 100644 README.md
#  create mode 100644 adw/workflows/launch.yaml
#  create mode 100644 agent/instructions.md
#  create mode 100644 agent/workflow.mjs
#  create mode 100644 apps/web/public/app.js
#  create mode 100644 apps/web/public/index.html
#  create mode 100644 apps/web/public/responsive-refinements.css
#  create mode 100644 apps/web/public/styles.css
#  create mode 100644 apps/web/server.mjs
#  create mode 100644 deferred.yaml
#  create mode 100644 docs/CODING_SEQUENCE.md
#  create mode 100644 docs/EVOLUTION.md
#  create mode 100644 docs/FIGURED_OUT.md
#  create mode 100644 docs/KNOWLEDGE_EVOLUTION.md
#  create mode 100644 docs/RESPONSE_DISCIPLINE.md
#  create mode 100644 evals/figured-out-journey.json
#  create mode 100644 evals/stale-proposal-conflict.json
#  create mode 100644 fixtures/corpus/validation.txt
#  create mode 100644 hackathon.yaml
#  create mode 100644 integrations/convex/README.md
#  create mode 100644 integrations/convex/capability-plan.yaml
#  create mode 100644 nodeagent.yaml
#  create mode 100644 nodekit.yaml
#  create mode 100644 package.json
#  create mode 100644 packs/primary/pack.yaml
#  create mode 100644 product/AUDIENCE.md
#  create mode 100644 product/BRIEF.md
#  create mode 100644 product/DESIGN.md
#  create mode 100644 product/EXPERIENCE.yaml
#  create mode 100644 product/SERVICE_BLUEPRINT.md
#  create mode 100644 product/TASTE.md
#  create mode 100644 product/USER_JOURNEY.md
#  create mode 100644 production-readiness.json
#  create mode 100644 proof/README.md
#  create mode 100644 proof/build-friction.json
#  create mode 100644 render.yaml
#  create mode 100644 schemas/outcome-contract.schema.json
#  create mode 100644 scripts/audit-prod.mjs
#  create mode 100644 scripts/browser-certify.mjs
#  create mode 100644 scripts/browser-proof.mjs
#  create mode 100644 scripts/check.mjs
#  create mode 100644 scripts/demo.mjs
#  create mode 100644 scripts/eval.mjs
#  create mode 100644 scripts/lib/friction.mjs
#  create mode 100644 scripts/outcome.mjs
#  create mode 100644 scripts/proof.mjs
#  create mode 100644 test/outcome.test.mjs
#  create mode 100644 test/workflow.test.mjs
#  create mode 100644 vendor/nodekit/LICENSE
#  create mode 100644 vendor/nodekit/package.json
#  create mode 100644 vendor/nodekit/plugins/nodekit/skills/nodekit-launch/SKILL.md
#  create mode 100644 vendor/nodekit/plugins/nodekit/skills/nodekit-launch/agents/openai.yaml
#  create mode 100644 vendor/nodekit/plugins/nodekit/skills/nodekit-launch/references/launch-contract.md
#  create mode 100644 vendor/nodekit/plugins/nodekit/skills/nodekit-present/SKILL.md
#  create mode 100644 vendor/nodekit/plugins/nodekit/skills/nodekit-present/agents/openai.yaml
#  create mode 100644 vendor/nodekit/plugins/nodekit/skills/nodekit-present/references/change-story-contract.md
#  create mode 100644 vendor/nodekit/plugins/nodekit/skills/nodekit-product-evidence/SKILL.md
#  create mode 100644 vendor/nodekit/plugins/nodekit/skills/nodekit-qa/SKILL.md
#  create mode 100644 vendor/nodekit/plugins/nodekit/skills/nodekit-qa/agents/openai.yaml
#  create mode 100644 vendor/nodekit/plugins/nodekit/skills/nodekit-qa/references/qa-contract.md
#  create mode 100644 vendor/nodekit/schemas/nodeagent.application.v1.schema.json
#  create mode 100644 vendor/nodekit/schemas/nodeagent.event.v1.schema.json
#  create mode 100644 vendor/nodekit/schemas/nodeagent.pack.v1.schema.json
#  create mode 100644 vendor/nodekit/schemas/nodekit.adversarial-verdict.v1.schema.json
#  create mode 100644 vendor/nodekit/schemas/nodekit.agent-ease-trial.v2.schema.json
#  create mode 100644 vendor/nodekit/schemas/nodekit.assumption.v1.schema.json
#  create mode 100644 vendor/nodekit/schemas/nodekit.attestation-signing-key-policy.v1.schema.json
#  create mode 100644 vendor/nodekit/schemas/nodekit.audience-research.v1.schema.json
#  create mode 100644 vendor/nodekit/schemas/nodekit.build-evidence-pack.v1.schema.json
#  create mode 100644 vendor/nodekit/schemas/nodekit.builder-case.v1.schema.json
#  create mode 100644 vendor/nodekit/schemas/nodekit.builder-change-set.v1.schema.json
#  create mode 100644 vendor/nodekit/schemas/nodekit.builder-gym-lock.v1.schema.json
#  create mode 100644 vendor/nodekit/schemas/nodekit.builder-gym-verdict.v1.schema.json
#  create mode 100644 vendor/nodekit/schemas/nodekit.builder-gym.v1.schema.json
#  create mode 100644 vendor/nodekit/schemas/nodekit.canary-receipt.v1.schema.json
#  create mode 100644 vendor/nodekit/schemas/nodekit.capability-contract.v1.schema.json
#  create mode 100644 vendor/nodekit/schemas/nodekit.change-evidence-pack.v1.schema.json
#  create mode 100644 vendor/nodekit/schemas/nodekit.convex-consumers-verdict.v1.schema.json
#  create mode 100644 vendor/nodekit/schemas/nodekit.design-decision.v1.schema.json
#  create mode 100644 vendor/nodekit/schemas/nodekit.design-rule.v1.schema.json
#  create mode 100644 vendor/nodekit/schemas/nodekit.developer-timing-verdict.v1.schema.json
#  create mode 100644 vendor/nodekit/schemas/nodekit.engineering-check-receipt.v1.schema.json
#  create mode 100644 vendor/nodekit/schemas/nodekit.engineering-health-verdict.v1.schema.json
#  create mode 100644 vendor/nodekit/schemas/nodekit.engineering-issue-inventory.v1.schema.json
#  create mode 100644 vendor/nodekit/schemas/nodekit.evidence-snapshot.v1.schema.json
#  create mode 100644 vendor/nodekit/schemas/nodekit.evolution-adoption.v1.schema.json
#  create mode 100644 vendor/nodekit/schemas/nodekit.evolution-deferred-review.v1.schema.json
#  create mode 100644 vendor/nodekit/schemas/nodekit.evolution-event.v1.schema.json
#  create mode 100644 vendor/nodekit/schemas/nodekit.evolution-evidence.v1.schema.json
#  create mode 100644 vendor/nodekit/schemas/nodekit.execution-graph.v1.schema.json
#  create mode 100644 vendor/nodekit/schemas/nodekit.execution-nodeproof.v1.schema.json
#  create mode 100644 vendor/nodekit/schemas/nodekit.execution-strategy-experiment.v1.schema.json
#  create mode 100644 vendor/nodekit/schemas/nodekit.execution-trace.v1.schema.json
#  create mode 100644 vendor/nodekit/schemas/nodekit.experience-asset.v1.schema.json
#  create mode 100644 vendor/nodekit/schemas/nodekit.experience-build.v1.schema.json
#  create mode 100644 vendor/nodekit/schemas/nodekit.experience-recipe.v1.schema.json
#  create mode 100644 vendor/nodekit/schemas/nodekit.external-reference-run.v1.schema.json
#  create mode 100644 vendor/nodekit/schemas/nodekit.fresh-agent-verdict.v2.schema.json
#  create mode 100644 vendor/nodekit/schemas/nodekit.fresh-user-study.v1.schema.json
#  create mode 100644 vendor/nodekit/schemas/nodekit.fresh-user-verdict.v1.schema.json
#  create mode 100644 vendor/nodekit/schemas/nodekit.frontend-b
# enchmark.v1.schema.json
#  create mode 100644 vendor/nodekit/schemas/nodekit.frontend-direction-set.v1.schema.json
#  create mode 100644 vendor/nodekit/schemas/nodekit.frontend-render-receipt.v1.schema.json
#  create mode 100644 vendor/nodekit/schemas/nodekit.frontend-review-receipt.v1.schema.json
#  create mode 100644 vendor/nodekit/schemas/nodekit.frontend-route.v1.schema.json
#  create mode 100644 vendor/nodekit/schemas/nodekit.governance-risk-assessment.v1.schema.json
#  create mode 100644 vendor/nodekit/schemas/nodekit.graph-patch.v1.schema.json
#  create mode 100644 vendor/nodekit/schemas/nodekit.harness.v1.schema.json
#  create mode 100644 vendor/nodekit/schemas/nodekit.human-feedback-event.v1.schema.json
#  create mode 100644 vendor/nodekit/schemas/nodekit.human-study-event.v1.schema.json
#  create mode 100644 vendor/nodekit/schemas/nodekit.human-study-session-log.v1.schema.json
#  create mode 100644 vendor/nodekit/schemas/nodekit.human-study-session-meta.v1.schema.json
#  create mode 100644 vendor/nodekit/schemas/nodekit.interaction-flow.v1.schema.json
#  create mode 100644 vendor/nodekit/schemas/nodekit.invariant-claim.v1.schema.json
#  create mode 100644 vendor/nodekit/schemas/nodekit.knowledge-action-receipt.v1.schema.json
#  create mode 100644 vendor/nodekit/schemas/nodekit.knowledge-comparison-execution.v1.schema.json
#  create mode 100644 vendor/nodekit/schemas/nodekit.knowledge-context-pack.v1.schema.json
#  create mode 100644 vendor/nodekit/schemas/nodekit.knowledge-evolution-adoption-verdict.v1.schema.json
#  create mode 100644 vendor/nodekit/schemas/nodekit.knowledge-graph.v1.schema.json
#  create mode 100644 vendor/nodekit/schemas/nodekit.knowledge-retrieval-receipt.v1.schema.json
#  create mode 100644 vendor/nodekit/schemas/nodekit.knowledge-state.v1.schema.json
#  create mode 100644 vendor/nodekit/schemas/nodekit.launch-manifest.v1.schema.json
#  create mode 100644 vendor/nodekit/schemas/nodekit.launch-video.v1.schema.json
#  create mode 100644 vendor/nodekit/schemas/nodekit.managed-evidence-campaign.v1.schema.json
#  create mode 100644 vendor/nodekit/schemas/nodekit.managed-supabase-portability-verdict.v1.schema.json
#  create mode 100644 vendor/nodekit/schemas/nodekit.measurement-log.v1.schema.json
#  create mode 100644 vendor/nodekit/schemas/nodekit.model-capability-card.v1.schema.json
#  create mode 100644 vendor/nodekit/schemas/nodekit.model-intelligence-harness-verdict.v1.schema.json
#  create mode 100644 vendor/nodekit/schemas/nodekit.model-observation.v1.schema.json
#  create mode 100644 vendor/nodekit/schemas/nodekit.motion-portability-receipt.v1.schema.json
#  create mode 100644 vendor/nodekit/schemas/nodekit.native-agent-session.v1.schema.json
#  create mode 100644 vendor/nodekit/schemas/nodekit.native-session-checkpoint.v1.schema.json
#  create mode 100644 vendor/nodekit/schemas/nodekit.native-workspace.v1.schema.json
#  create mode 100644 vendor/nodekit/schemas/nodekit.nodetrace-trajectory.v1.schema.json
#  create mode 100644 vendor/nodekit/schemas/nodekit.observation-pack.v1.schema.json
#  create mode 100644 vendor/nodekit/schemas/nodekit.opportunity-contract.v1.schema.json
#  create mode 100644 vendor/nodekit/schemas/nodekit.package-install-proof.v1.schema.json
#  create mode 100644 vendor/nodekit/schemas/nodekit.postgres-conformance.v2.schema.json
#  create mode 100644 vendor/nodekit/schemas/nodekit.preview-verdict.v1.schema.json
#  create mode 100644 vendor/nodekit/schemas/nodekit.product-design-contract.v1.schema.json
#  create mode 100644 vendor/nodekit/schemas/nodekit.production-agent.v1.schema.json
#  create mode 100644 vendor/nodekit/schemas/nodekit.promotion-readiness-receipt.v1.schema.json
#  create mode 100644 vendor/nodekit/schemas/nodekit.promotion-receipt.v1.schema.json
#  create mode 100644 vendor/nodekit/schemas/nodekit.proofloop-ease-verification.v1.schema.json
#  create mode 100644 vendor/nodekit/schemas/nodekit.protected-agent-evaluation.v1.schema.json
#  create mode 100644 vendor/nodekit/schemas/nodekit.protected-agent-evaluation.v2.schema.json
#  create mode 100644 vendor/nodekit/schemas/nodekit.protected-browser-screenshot-manifest.v1.schema.json
#  create mode 100644 vendor/nodekit/schemas/nodekit.protected-evaluator.v1.schema.json
#  create mode 100644 vendor/nodekit/schemas/nodekit.protected-knowledge-comparison-definition.v1.schema.json
#  create mode 100644 vendor/nodekit/schemas/nodekit.protected-knowledge-comparison-result.v1.schema.json
#  create mode 100644 vendor/nodekit/schemas/nodekit.protected-screenshot-proof.v1.schema.json
#  create mode 100644 vendor/nodekit/schemas/nodekit.publication-approval.v1.schema.json
#  create mode 100644 vendor/nodekit/schemas/nodekit.reference-loop-design-rule.v1.schema.json
#  create mode 100644 vendor/nodekit/schemas/nodekit.reference-loop-observation.v1.schema.json
#  create mode 100644 vendor/nodekit/schemas/nodekit.reference-observation.v1.schema.json
#  create mode 100644 vendor/nodekit/schemas/nodekit.reference-profile-manifest.v1.schema.json
#  create mode 100644 vendor/nodekit/schemas/nodekit.reference-score-receipt.v1.schema.json
#  create mode 100644 vendor/nodekit/schemas/nodekit.replay-packet.v1.schema.json
#  create mode 100644 vendor/nodekit/schemas/nodekit.research-collection.v1.schema.json
#  create mode 100644 vendor/nodekit/schemas/nodekit.rollback-receipt.v1.schema.json
#  create mode 100644 vendor/nodekit/schemas/nodekit.routing-policy.v1.schema.json
#  create mode 100644 vendor/nodekit/schemas/nodekit.runtime-capabilities.v1.schema.json
#  create mode 100644 vendor/nodekit/schemas/nodekit.schema.json
#  create mode 100644 vendor/nodekit/schemas/nodekit.score-receipt.v1.schema.json
#  create mode 100644 vendor/nodekit/schemas/nodekit.skill-benchmark-input.v1.schema.json
#  create mode 100644 vendor/nodekit/schemas/nodekit.skill-benchmark-verdict.v1.schema.json
#  create mode 100644 vendor/nodekit/schemas/nodekit.skill-candidate.v1.schema.json
#  create mode 100644 vendor/nodekit/schemas/nodekit.skill-comparison.v1.schema.json
#  create mode 100644 vendor/nodekit/schemas/nodekit.skill-evaluator-receipt.v1.schema.json
#  create mode 100644 vendor/nodekit/schemas/nodekit.skill-integrity-receipt.v1.schema.json
#  create mode 100644 vendor/nodekit/schemas/nodekit.skill-promotion-approval-consumption.v1.schema.json
#  create mode 100644 vendor/nodekit/schemas/nodekit.skill-promotion-approval.v1.schema.json
#  create mode 100644 vendor/nodekit/schemas/nodekit.skill.v1.schema.json
#  create mode 100644 vendor/nodekit/schemas/nodekit.story-pack.v1.schema.json
#  create mode 100644 vendor/nodekit/schemas/nodekit.submission-candidate.v1.schema.json
#  create mode 100644 vendor/nodekit/schemas/nodekit.submission-manifest.v1.schema.json
#  create mode 100644 vendor/nodekit/schemas/nodekit.tournament.v1.schema.json
#  create mode 100644 vendor/nodekit/schemas/nodekit.visual-review-inventory.v1.schema.json
#  create mode 100644 vendor/nodekit/schemas/nodekit.workspace-reference-index.v1.schema.json
#  create mode 100644 vendor/nodekit/schemas/nodekit.workspace.v1.schema.json
#  create mode 100644 vendor/nodekit/src/adapters/postgres-caseflow.mjs
#  create mode 100644 vendor/nodekit/src/adapters/postgres-knowledge-runtime.mjs
#  create mode 100644 vendor/nodekit/src/adapters/postgres-knowledge.d.mts
#  create mode 100644 vendor/nodekit/src/adapters/postgres-knowledge.mjs
#  create mode 100644 vendor/nodekit/src/adapters/postgres.d.mts
#  create mode 100644 vendor/nodekit/src/adapters/postgres.mjs
#  create mode 100644 vendor/nodekit/src/agent-run.d.mts
#  create mode 100644 vendor/nodekit/src/agent-run.mjs
#  create mode 100644 vendor/nodekit/src/builder-gym.d.mts
#  create mode 100644 vendor/nodekit/src/builder-gym.mjs
#  create mode 100644 vendor/nodekit/src/caseflow.d.mts
#  create mode 100644 vendor/nodekit/src/caseflow.mjs
#  create mode 100644 vendor/nodekit/src/cli-main.mjs
#  create mode 100755 vendor/nodekit/src/cli.mjs
#  create mode 100644 vendor/nodekit/src/client/index.ts
#  create mode 100644 vendor/nodekit/src/component/_generated/api.d.ts
#  create mode 100644 vendor/nodekit/src/component/_generated/api.js
#  create mode 100644 vendor/nodekit/src/component/_generated/component.d.ts
#  create mode 100644 vendor/nodekit/src/component/_generated/dataModel.d.ts
#  create mode 100644 vendor/nodekit/src/component/_generated/server.d.ts
#  create mode 100644 vendor/nodekit/src/component/_generated/server.js
#  create mode 100644 vendor/nodekit/src/component/caseflow.test.ts
#  create mode 100644 vendor/nodekit/src/component/caseflow.ts
#  create mode 100644 vendor/nodekit/src/component/convex.config.ts
#  create mode 100644 vendor/nodekit/src/component/hash.ts
#  create mode 100644 vendor/nodekit/src/component/schema.ts
#  create mode 100644 vendor/nodekit/src/component/setup.ts
#  create mode 100644 vendor/nodekit/src/component/validators.ts
#  create mode 100644 vendor/nodekit/src/consumer-package-preparation.d.mts
#  create mode 100644 vendor/nodekit/src/consumer-package-preparation.mjs
#  create mode 100644 vendor/nodekit/src/convex-test.ts
#  create mode 100644 vendor/nodekit/src/evidence-snapshots.d.mts
#  create mode 100644 vendor/nodekit/src/evidence-snapshots.mjs
#  create mode 100644 vendor/nodekit/src/execution-graph.d.mts
#  create mode 100644 vendor/nodekit/src/execution-graph.mjs
#  create mode 100644 vendor/nodekit/src/factory-acceptance.mjs
#  create mode 100644 vendor/nodekit/src/governance.d.mts
#  create mode 100644 vendor/nodekit/src/governance.mjs
#  create mode 100644 vendor/nodekit/src/index.d.mts
#  create mode 100644 vendor/nodekit/src/index.mjs
#  create mode 100644 vendor/nodekit/src/knowledge-runtime.d.mts
#  create mode 100644 vendor/nodekit/src/knowledge-runtime.mjs
#  create mode 100644 vendor/nodekit/src/lib/agent-definition.mjs
#  create mode 100644 vendor/nodekit/src/lib/agent-ease-campaign.mjs
#  create mode 100644 vendor/nodekit/src/lib/agent-ease-report.mjs
#  create mode 100644 vendor/nodekit/src/lib/agent-run.mjs
#  create mode 100644 vendor/nodekit/src/lib/atlas-mcp.mjs
#  create mode 100644 vendor/nodekit/src/lib/atlas-rank.mjs
#  create mode 100644 vendor/nodekit/src/lib/atlas-retrieval.mjs
#  create mode 100644 vendor/nodekit/src/lib/atlas.mjs
#  create mode 100644 vendor/nodekit/src/lib/audience-contract.mjs
#  create mode 100644 vendor/nodekit/src/lib/behavior-index.mjs
#  create mode 100644 vendor/nodekit/src/lib/build-evidence-producer.mjs
#  create mode 100644 vendor/nodekit/src/lib/builder-gym.mjs
#  create mode 100644 vendor/nodekit/src/lib/builder-journey.d.mts
#  create mode 100644 vendor/nodekit/src/lib/builder-journey.mjs
#  create mode 100644 vendor/nodekit/src/lib/capability-contract.mjs
#  create mode 100644 vendor/nodekit/src/lib/caseflow-conformance.mjs
#  create mode 100644 vendor/nodekit/src/lib/caseflow.mjs
#  create mode 100644 vendor/nodekit/src/lib/code-graph-freshness.mjs
#  create mode 100644 vendor/nodekit/src/lib/consumer-package-preparation.mjs
#  create mode 100644 vendor/nodekit/src/lib/contracts.mjs
#  create mode 100644 vendor/nodekit/src/lib/copy-audit.mjs
#  create mode 100644 vendor/nodekit/src/lib/copy-claims.mjs
#  create mode 100644 vendor/nodekit/src/lib/dashboard.mjs
#  create mode 100644 vendor/nodekit/src/lib/deferrals.mjs
#  create mode 100644 vendor/nodekit/src/lib/delivery-brief.mjs
#  create mode 100644 vendor/nodekit/src/lib/developer-timing-aggregation.mjs
#  create mode 100644 vendor/nodekit/src/lib/distributable-candidate.mjs
#  create mode 100644 vendor/nodekit/src/lib/ease-evidence.mjs
#  create mode 100644 vendor/nodekit/src/lib/evidence-snapshots.mjs
#  create mode 100644 vendor/nodekit/src/lib/evolution-approval.mjs
#  create mode 100644 vendor/nodekit/src/lib/evolution-immutability.mjs
#  create mode 100644 vendor/nodekit/src/lib/evolution-ledger.mjs
#  create mode 100644 vendor/nodekit/src/lib/evolution-trust.mjs
#  create mode 100644 vendor/nodekit/src/lib/execution-graph.mjs
#  create mode 100644 vendor/nodekit/src/lib/files.mjs
#  create mode 100644 vendor/nodekit/src/lib/frame-evidence.mjs
#  create mode 100644 vendor/nodekit/src/lib/friction-loop.mjs
#  create mode 100644 vendor/nodekit/src/lib/frontend-render-contract.mjs
#  create mode 100644 vendor/nodekit/src/lib/frontend-specialist.mjs
#  create mode 100644 vendor/nodekit/src/lib/governance.mjs
#  create mode 100644 vendor/nodekit/src/lib/harness-gym.mjs
#  create mode 100644 vendor/nodekit/src/lib/harness-knowledge.mjs
#  create mode 100644 vendor/nodekit/src/lib/human-study-capture.mjs
#  create mode 100644 vendor/nodekit/src/lib/immutable-package-snapshot.mjs
#  create mode 100644 vendor/nodekit/src/lib/journey-chain-gate.mjs
#  create mode 100644 vendor/nodekit/src/lib/journey-contract-verify.mjs
#  create mode 100644 vendor/nodekit/src/lib/knockout.mjs
#  create mode 100644 vendor/nodekit/src/lib/knowledge-comparison.mjs
#  create mode 100644 vendor/nodekit/src/lib/knowledge-context.mjs
#  create mode 100644 vendor/nodekit/src/lib/knowledge-evolution.mjs
#  create mode 100644 vendor/nodekit/src/lib/knowledge-runtime.mjs
#  create mode 100644 vendor/nodekit/src/lib/launch-video.mjs
#  create mode 100644 vendor/nodekit/src/lib/managed-evidence-capture.mjs
#  create mode 100644 vendor/nodekit/src/lib/model-intelligence.mjs
#  create mode 100644 vendor/nodekit/src/lib/motion-portability.mjs
#  create mode 100644 vendor/nodekit/src/lib/native-agent-identity.mjs
#  create mode 100644 vendor/nodekit/src/lib/native-agent-migration.mjs
#  create mode 100644 vendor/nodekit/src/lib/nodekit-surfaces.mjs
#  create mode 100644 vendor/nodekit/src/lib/npm-cli-invocation.mjs
#  create mode 100644 vendor/nodekit/src/lib/npm-package-archive.mjs
#  create mode 100644 vendor/nodekit/src/lib/opportunity-compiler.d.mts
#  create mode 100644 vendor/nodekit/src/lib/opportunity-compiler.mjs
#  create mode 100644 vendor/nodekit/src/lib/portable-value.d.mts
#  create mode 100644 vendor/nodekit/src/lib/portable-value.mjs
#  create mode 100644 vendor/nodekit/src/lib/preflight.mjs
#  create mode 100644 vendor/nodekit/src/lib/presentation-pipeline.mjs
#  create mode 100644 vendor/nodekit/src/lib/principal-identity.mjs
#  create mode 100644 vendor/nodekit/src/lib/production-agent.mjs
#  create mode 100644 vendor/nodekit/src/lib/production-gate.mjs
#  create mode 100644 vendor/nodekit/src/lib/protected-browser-evidence.mjs
#  create mode 100644 vendor/nodekit/src/lib/receipt-bindings.d.mts
#  create mode 100644 vendor/nodekit/src/lib/receipt-bindings.mjs
#  create mode 100644 vendor/nodekit/src/lib/reference-loop.mjs
#  create mode 100644 vendor/nodekit/src/lib/reference-schema-validators.cjs
#  create mode 100644 vendor/nodekit/src/lib/registry.mjs
#  create mode 100644 vendor/nodekit/src/lib/regression-proof.mjs
#  create mode 100644 vendor/nodekit/src/lib/repair-approval.mjs
#  create mode 100644 vendor/nodekit/src/lib/replay-book.mjs
#  create mode 100644 vendor/nodekit/src/lib/replay-packet-producer.mjs
#  create mode 100644 vendor/nodekit/src/lib/replay-packet.mjs
#  create mode 100644 vendor/nodekit/src/lib/repo-check.mjs
#  create mode 100644 vendor/nodekit/src/lib/repo-map.mjs
#  create mode 100644 vendor/nodekit/src/lib/research-collector.mjs
#  create mode 100644 vendor/nodekit/src/lib/research-verdict-benchmark.mjs
#  create mode 100644 vendor/nodekit/src/lib/review-context.mjs
#  create mode 100644 vendor/nodekit/src/lib/runtime-capabilities.mjs
#  create mode 100644 vendor/nodekit/src/lib/scaffold.mjs
#  create mode 100644 vendor/nodekit/src/lib/schema-validation.mjs
#  create mode 100644 vendor/nodekit/src/lib/session-contract.mjs
#  create mode 100644 vendor/nodekit/src/lib/skill-freshness.mjs
#  create mode 100644 vendor/nodekit/src/lib/source-hash.mjs
#  create mode 100644 vendor/nodekit/src/lib/story-pack-producer.mjs
#  create mode 100644 vendor/nodekit/src/lib/submission-attestation.mjs
#  create mode 100644 vendor/nodekit/src/lib/submission-evidence-finalizer.mjs
#  create mode 100644 vendor/nodekit/src/lib/submission-gate.mjs
#  create mode 100644 vendor/nodekit/src/lib/submission-preparation.mjs
#  create mode 100644 vendor/nodekit/src/lib/ui-lexicon.mjs
#  create mode 100644 vendor/nodekit/src/lib/understand-anything.mjs
#  create mode 100644 vendor/nodekit/src/lib/working-state.mjs
#  create mode 100644 vendor/nodekit/src/lib/workspace-index.mjs
#  create mode 100644 vendor/nodekit/src/lib/workspace-reference-index.mjs
#  create mode 100644 vendor/nodekit/src/managed-evidence-capture.d.mts
#  create mode 100644 vendor/nodekit/src/managed-evidence-capture.mjs
#  create mode 100644 vendor/nodekit/src/native-agent-identity.d.mts
#  create mode 100644 vendor/nodekit/src/native-agent-identity.mjs
#  create mode 100644 vendor/nodekit/src/reference-cli.mjs
#  create mode 100644 vendor/nodekit/src/reference-loop.d.mts
#  create mode 100644 vendor/nodekit/src/reference-loop.mjs
#  create mode 100644 vendor/nodekit/src/research-collector.d.mts
#  create mode 100644 vendor/nodekit/src/research-collector.mjs
#  create mode 100644 vendor/nodekit/src/skill-evaluation.d.mts
#  create mode 100644 vendor/nodekit/src/skill-evaluation.mjs
#  create mode 100644 vendor/nodekit/src/studio.mjs
#  create mode 100644 vendor/nodekit/src/submission-attestation.d.mts
#  create mode 100644 vendor/nodekit/src/submission-attestation.mjs
#  create mode 100644 vendor/nodekit/src/submission-evidence-finalizer.d.mts
#  create mode 100644 vendor/nodekit/src/submission-evidence-finalizer.mjs
#  create mode 100644 vendor/nodekit/src/workspace-reference-index.d.mts
#  create mode 100644 vendor/nodekit/src/workspace-reference-index.mjs
# Subtest: a fresh no-key Git candidate reaches an honest local-ready proof
ok 287 - a fresh no-key Git candidate reaches an honest local-ready proof
  ---
  duration_ms: 6175.7126
  type: 'test'
  ...
# Subtest: a bound live frame and a labelled generated frame pass together
ok 288 - a bound live frame and a labelled generated frame pass together
  ---
  duration_ms: 1.8915
  type: 'test'
  ...
# Subtest: no made frame of any kind may be presented as the running product
ok 289 - no made frame of any kind may be presented as the running product
  ---
  duration_ms: 1.8032
  type: 'test'
  ...
# Subtest: each kind owes different evidence, and is not asked for evidence it never had
ok 290 - each kind owes different evidence, and is not asked for evidence it never had
  ---
  duration_ms: 0.5863
  type: 'test'
  ...
# Subtest: a live frame missing any binding is unbound, and each missing one is named
ok 291 - a live frame missing any binding is unbound, and each missing one is named
  ---
  duration_ms: 0.5665
  type: 'test'
  ...
# Subtest: a screenshot hash that does not match the frame's own hash is not a binding
ok 292 - a screenshot hash that does not match the frame's own hash is not a binding
  ---
  duration_ms: 0.2992
  type: 'test'
  ...
# Subtest: a generated frame without provenance cannot be audited later
ok 293 - a generated frame without provenance cannot be audited later
  ---
  duration_ms: 0.3305
  type: 'test'
  ...
# Subtest: no frames is insufficient, not a pass
ok 294 - no frames is insufficient, not a pass
  ---
  duration_ms: 0.335
  type: 'test'
  ...
# Subtest: a frame nobody hashed, or that does not say what it is presented as, is refused
ok 295 - a frame nobody hashed, or that does not say what it is presented as, is refused
  ---
  duration_ms: 0.8424
  type: 'test'
  ...
# Subtest: a repair answering recorded friction is adopted only after the REAL Builder Gym authorizes it
ok 296 - a repair answering recorded friction is adopted only after the REAL Builder Gym authorizes it
  ---
  duration_ms: 2962.0199
  type: 'test'
  ...
# Subtest: an approval bound to a different comparison cannot be replayed onto this repair
ok 297 - an approval bound to a different comparison cannot be replayed onto this repair
  ---
  duration_ms: 2245.8678
  type: 'test'
  ...
# Subtest: a candidate the REAL gym judges worse cannot be adopted, and the refusal names the outcome
ok 298 - a candidate the REAL gym judges worse cannot be adopted, and the refusal names the outcome
  ---
  duration_ms: 2283.5475
  type: 'test'
  ...
# Subtest: the gym refuses to evaluate against a lock identity that was not externally pinned
ok 299 - the gym refuses to evaluate against a lock identity that was not externally pinned
  ---
  duration_ms: 1376.4518
  type: 'test'
  ...
# Subtest: recorded friction is normalised and the worst finding is the one a repair answers
ok 300 - recorded friction is normalised and the worst finding is the one a repair answers
  ---
  duration_ms: 15.1922
  type: 'test'
  ...
# Subtest: a repair must answer real friction, state an intent, and name the roots it may write
ok 301 - a repair must answer real friction, state an intent, and name the roots it may write
  ---
  duration_ms: 1.5375
  type: 'test'
  ...
# Subtest: a repair cannot approve itself: adoption is refused without an independent authorizing verdict
ok 302 - a repair cannot approve itself: adoption is refused without an independent authorizing verdict
  ---
  duration_ms: 1.3021
  type: 'test'
  ...
# Subtest: an authorized verdict adopts the repair and still requires a reviewed ledger entry
ok 303 - an authorized verdict adopts the repair and still requires a reviewed ledger entry
  ---
  duration_ms: 2.6439
  type: 'test'
  ...
# Subtest: the happy path with full independent evidence is DECISIVE
ok 304 - the happy path with full independent evidence is DECISIVE
  ---
  duration_ms: 4.0344
  type: 'test'
  ...
# Subtest: three self-asserted booleans with no render receipt are UNVERIFIED
ok 305 - three self-asserted booleans with no render receipt are UNVERIFIED
  ---
  duration_ms: 0.6272
  type: 'test'
  ...
# Subtest: a render receipt from a different commit FAILs
ok 306 - a render receipt from a different commit FAILs
  ---
  duration_ms: 0.5612
  type: 'test'
  ...
# Subtest: a differing direction-set hash FAILs
ok 307 - a differing direction-set hash FAILs
  ---
  duration_ms: 0.5035
  type: 'test'
  ...
# Subtest: one of the six required states absent is INCOMPLETE
ok 308 - one of the six required states absent is INCOMPLETE
  ---
  duration_ms: 0.6262
  type: 'test'
  ...
# Subtest: a modified screenshot manifest FAILs on the manifest hash
ok 309 - a modified screenshot manifest FAILs on the manifest hash
  ---
  duration_ms: 0.5537
  type: 'test'
  ...
# Subtest: an accessibility summary of pass while the raw report has a serious issue FAILs
ok 310 - an accessibility summary of pass while the raw report has a serious issue FAILs
  ---
  duration_ms: 1.8322
  type: 'test'
  ...
# Subtest: no independent review receipt is UNVERIFIED
ok 311 - no independent review receipt is UNVERIFIED
  ---
  duration_ms: 0.3549
  type: 'test'
  ...
# Subtest: the generating model reviewing its own output FAILs
ok 312 - the generating model reviewing its own output FAILs
  ---
  duration_ms: 0.696
  type: 'test'
  ...
# Subtest: a review that references a different state manifest FAILs
ok 313 - a review that references a different state manifest FAILs
  ---
  duration_ms: 0.7207
  type: 'test'
  ...
# Subtest: all deterministic checks pass but an unresolved major finding is NOT_DECISIVE
ok 314 - all deterministic checks pass but an unresolved major finding is NOT_DECISIVE
  ---
  duration_ms: 0.4146
  type: 'test'
  ...
# Subtest: a clean observation bundle assembles into a receipt that is DECISIVE
ok 315 - a clean observation bundle assembles into a receipt that is DECISIVE
  ---
  duration_ms: 0.8951
  type: 'test'
  ...
# Subtest: an observed serious accessibility issue cannot be assembled into a passing receipt
ok 316 - an observed serious accessibility issue cannot be assembled into a passing receipt
  ---
  duration_ms: 0.5992
  type: 'test'
  ...
# Subtest: frontend planning protects product decisions and refuses reputation-only routing
ok 317 - frontend planning protects product decisions and refuses reputation-only routing
  ---
  duration_ms: 348.2759
  type: 'test'
  ...
# Subtest: Frontend Gym requires three materially distinct rendered directions and blind independent selection
ok 318 - Frontend Gym requires three materially distinct rendered directions and blind independent selection
  ---
  duration_ms: 287.8107
  type: 'test'
  ...
# Subtest: frontend repair is bounded and a canary requires exact model, screenshots, NodeProof, and human approval
ok 319 - frontend repair is bounded and a canary requires exact model, screenshots, NodeProof, and human approval
  ---
  duration_ms: 69.062
  type: 'test'
  ...
# Subtest: a generated project runs the gates, not merely ships them
ok 320 - a generated project runs the gates, not merely ships them
  ---
  duration_ms: 2.5679
  type: 'test'
  ...
# Subtest: the generated test run is scoped to the project's own tests
ok 321 - the generated test run is scoped to the project's own tests
  ---
  duration_ms: 0.6809
  type: 'test'
  ...
# Subtest: the scaffolded ledger is valid, empty, and explains its own states
ok 322 - the scaffolded ledger is valid, empty, and explains its own states
  ---
  duration_ms: 10.6398
  type: 'test'
  ...
# Subtest: rejecting a proposal moves the run off the review stage
ok 323 - rejecting a proposal moves the run off the review stage
  ---
  duration_ms: 39.2711
  type: 'test'
  ...
# Subtest: the generated server presents the outcome achieved, not the decision requested
ok 324 - the generated server presents the outcome achieved, not the decision requested
  ---
  duration_ms: 359.0909
  type: 'test'
  ...
# Subtest: every lime surface pins its own foreground, because --lime does not flip in dark
ok 325 - every lime surface pins its own foreground, because --lime does not flip in dark
  ---
  duration_ms: 9.8267
  type: 'test'
  ...
# Subtest: a transport failure never reaches the user in the browser's own words
ok 326 - a transport failure never reaches the user in the browser's own words
  ---
  duration_ms: 0.5971
  type: 'test'
  ...
# Subtest: an action in flight shows itself and cannot be submitted twice
ok 327 - an action in flight shows itself and cannot be submitted twice
  ---
  duration_ms: 1.0223
  type: 'test'
  ...
# Subtest: GitHub workflows pin Node 24 actions by immutable release commit
ok 328 - GitHub workflows pin Node 24 actions by immutable release commit
  ---
  duration_ms: 4.015
  type: 'test'
  ...
# Subtest: founder ships a reversible architecture candidate without an architecture-only interruption
ok 329 - founder ships a reversible architecture candidate without an architecture-only interruption
  ---
  duration_ms: 359.8351
  type: 'test'
  ...
# Subtest: native-session operator can continue isolated engineering but cannot cross an authority boundary
ok 330 - native-session operator can continue isolated engineering but cannot cross an authority boundary
  ---
  duration_ms: 0.8051
  type: 'test'
  ...
# Subtest: product designer gets showcase-ready deferred review for a materially subjective UI change
ok 331 - product designer gets showcase-ready deferred review for a materially subjective UI change
  ---
  duration_ms: 0.3958
  type: 'test'
  ...
# Subtest: missing rollback proof permits evidence work but never rounds up to promotion
ok 332 - missing rollback proof permits evidence work but never rounds up to promotion
  ---
  duration_ms: 0.3501
  type: 'test'
  ...
# Subtest: SRE forced health failure triggers bounded rollback and proves the exact baseline
ok 333 - SRE forced health failure triggers bounded rollback and proves the exact baseline
  ---
  duration_ms: 1.6703
  type: 'test'
  ...
# Subtest: healthy sustained observation performs no rollback mutation
ok 334 - healthy sustained observation performs no rollback mutation
  ---
  duration_ms: 0.5443
  type: 'test'
  ...
# Subtest: degraded rollback dependency times out honestly instead of reporting success
ok 335 - degraded rollback dependency times out honestly instead of reporting success
  ---
  duration_ms: 5.364
  type: 'test'
  ...
# Subtest: concurrent and sustained classification stays deterministic without accumulated state
ok 336 - concurrent and sustained classification stays deterministic without accumulated state
  ---
  duration_ms: 133.4982
  type: 'test'
  ...
# Subtest: human feedback remains scoped evidence and validates without becoming policy
ok 337 - human feedback remains scoped evidence and validates without becoming policy
  ---
  duration_ms: 45.1919
  type: 'test'
  ...
# Subtest: operator sees a content-bound graph, not a decorative diagram
ok 338 - operator sees a content-bound graph, not a decorative diagram
  ---
  duration_ms: 3.4271
  type: 'test'
  ...
# Subtest: adversarial graph references cannot inject an executable URL
ok 339 - adversarial graph references cannot inject an executable URL
  ---
  duration_ms: 1.2865
  type: 'test'
  ...
# Subtest: adversarial graph projections remain bounded and structurally valid
ok 340 - adversarial graph projections remain bounded and structurally valid
  ---
  duration_ms: 1.2282
  type: 'test'
  ...
# Subtest: evidence pack rejects a changed UI with no screenshot or clip reference
ok 341 - evidence pack rejects a changed UI with no screenshot or clip reference
  ---
  duration_ms: 0.3356
  type: 'test'
  ...
# Subtest: promotion receipt keeps deferred review and pre-action gates blocked
ok 342 - promotion receipt keeps deferred review and pre-action gates blocked
  ---
  duration_ms: 0.9288
  type: 'test'
  ...
# Subtest: a regression proof must have been red at baseline, or say why it was not
ok 343 - a regression proof must have been red at baseline, or say why it was not
  ---
  duration_ms: 2.2231
  type: 'test'
  ...
# Subtest: a shipped element is cited or declared novel, and cannot be neither
ok 344 - a shipped element is cited or declared novel, and cannot be neither
  ---
  duration_ms: 5.3281
  type: 'test'
  ...
# Subtest: skill evidence closure rejects hard-link aliases with lossless filesystem identity
ok 345 - skill evidence closure rejects hard-link aliases with lossless filesystem identity
  ---
  duration_ms: 21.3549
  type: 'test'
  ...
# Subtest: skill evidence closure rejects a single in-repository path hard-linked to outside mutable bytes
ok 346 - skill evidence closure rejects a single in-repository path hard-linked to outside mutable bytes
  ---
  duration_ms: 15.6126
  type: 'test'
  ...
# Subtest: skill compiler proposes only evidence-threshold candidates with executable contracts
ok 347 - skill compiler proposes only evidence-threshold candidates with executable contracts
  ---
  duration_ms: 3818.3901
  type: 'test'
  ...
# Subtest: skill benchmark holds model harness and protected benchmark fixed and rejects regressions
ok 348 - skill benchmark holds model harness and protected benchmark fixed and rejects regressions
  ---
  duration_ms: 3299.4898
  type: 'test'
  ...
# Subtest: routing compiler honors project evidence and remains provisional
ok 349 - routing compiler honors project evidence and remains provisional
  ---
  duration_ms: 1466.2359
  type: 'test'
  ...
# Subtest: tournament rejects self-judging and never authorizes promotion
ok 350 - tournament rejects self-judging and never authorizes promotion
  ---
  duration_ms: 1141.2037
  type: 'test'
  ...
# Subtest: manual promotion requires benchmark canary and NodeProof and remains reversible
ok 351 - manual promotion requires benchmark canary and NodeProof and remains reversible
  ---
  duration_ms: 5626.4377
  type: 'test'
  ...
# Subtest: human study session refuses absent consent or non-fresh participants
ok 352 - human study session refuses absent consent or non-fresh participants
  ---
  duration_ms: 10.1454
  type: 'test'
  ...
# Subtest: append-only session records exact monotonic timing, evidence, resume, and immutable finalization
ok 353 - append-only session records exact monotonic timing, evidence, resume, and immutable finalization
  ---
  duration_ms: 513.1883
  type: 'test'
  ...
# Subtest: evidence import rejects fake PNG bytes and finalization refuses missing completion evidence
ok 354 - evidence import rejects fake PNG bytes and finalization refuses missing completion evidence
  ---
  duration_ms: 93.3698
  type: 'test'
  ...
# Subtest: assembler includes every exact-candidate attempt, validates evidence bytes, and emits evaluator-compatible input
ok 355 - assembler includes every exact-candidate attempt, validates evidence bytes, and emits evaluator-compatible input
  ---
  duration_ms: 1903.6365
  type: 'test'
  ...
# Subtest: assembler refuses fewer than five attempts and detects tampered byte-addressed evidence
ok 356 - assembler refuses fewer than five attempts and detects tampered byte-addressed evidence
  ---
  duration_ms: 496.4157
  type: 'test'
  ...
# Subtest: operator CLI requires explicit consent and rejects PII-shaped options
ok 357 - operator CLI requires explicit consent and rejects PII-shaped options
  ---
  duration_ms: 758.0332
  type: 'test'
  ...
# Subtest: manually added PII or event fields make the session non-certifiable
ok 358 - manually added PII or event fields make the session non-certifiable
  ---
  duration_ms: 28.6877
  type: 'test'
  ...
# Subtest: immutable package snapshot keeps inspected bytes when the mutable source is swapped
ok 359 - immutable package snapshot keeps inspected bytes when the mutable source is swapped
  ---
  duration_ms: 6804.5336
  type: 'test'
  ...
# Subtest: installed package binding rejects files that were not in the packed manifest
ok 360 - installed package binding rejects files that were not in the packed manifest
  ---
  duration_ms: 3059.8988
  type: 'test'
  ...
# Subtest: a complete five-stage chain PASSes with a full denominator behind the verdict
ok 361 - a complete five-stage chain PASSes with a full denominator behind the verdict
  ---
  duration_ms: 17.3112
  type: 'test'
  ...
# Subtest: a truncated chain FAILs and names every absent stage
ok 362 - a truncated chain FAILs and names every absent stage
  ---
  duration_ms: 3.4628
  type: 'test'
  ...
# Subtest: a directory holding no chain artifact is NOT_RUN, never PASS, and never green
ok 363 - a directory holding no chain artifact is NOT_RUN, never PASS, and never green
  ---
  duration_ms: 1.9297
  type: 'test'
  ...
# Subtest: an unreadable chain directory is NOT_RUN and says nothing was measured
ok 364 - an unreadable chain directory is NOT_RUN and says nothing was measured
  ---
  duration_ms: 1.2419
  type: 'test'
  ...
# Subtest: the three outcomes carry three distinct exit codes
ok 365 - the three outcomes carry three distinct exit codes
  ---
  duration_ms: 8.5745
  type: 'test'
  ...
# Subtest: canonical digests ignore key order and whitespace but not content
ok 366 - canonical digests ignore key order and whitespace but not content
  ---
  duration_ms: 0.511
  type: 'test'
  ...
# Subtest: an upstream artifact rewritten in reverse key order still satisfies its downstream digests
ok 367 - an upstream artifact rewritten in reverse key order still satisfies its downstream digests
  ---
  duration_ms: 109.1202
  type: 'test'
  ...
# Subtest: a single changed character upstream breaks every digest that binds it
ok 368 - a single changed character upstream breaks every digest that binds it
  ---
  duration_ms: 46.5191
  type: 'test'
  ...
# Subtest: a binding whose upstream artifact is absent is unresolvable, counted apart from matched
ok 369 - a binding whose upstream artifact is absent is unresolvable, counted apart from matched
  ---
  duration_ms: 53.4173
  type: 'test'
  ...
# Subtest: five present artifacts that bind nothing are not a chain and cannot PASS
ok 370 - five present artifacts that bind nothing are not a chain and cannot PASS
  ---
  duration_ms: 195.4324
  type: 'test'
  ...
# Subtest: a stage claiming everything and withholding nothing is an unshowable completeness claim
ok 371 - a stage claiming everything and withholding nothing is an unshowable completeness claim
  ---
  duration_ms: 163.4062
  type: 'test'
  ...
# Subtest: a refusal with no reason is a silent omission wearing a refusal's clothes
ok 372 - a refusal with no reason is a silent omission wearing a refusal's clothes
  ---
  duration_ms: 100.2739
  type: 'test'
  ...
# Subtest: an item listed as both claimed and notRun is a contradiction, not a nuance
ok 373 - an item listed as both claimed and notRun is a contradiction, not a nuance
  ---
  duration_ms: 611.6513
  type: 'test'
  ...
# Subtest: a producer asserting its own approval FAILs
ok 374 - a producer asserting its own approval FAILs
  ---
  duration_ms: 135.5498
  type: 'test'
  ...
# Subtest: legitimate near-miss field names are not mistaken for self-approval
ok 375 - legitimate near-miss field names are not mistaken for self-approval
  ---
  duration_ms: 28.4281
  type: 'test'
  ...
# Subtest: a nested file declaring a chain schemaVersion is not counted as a stage
ok 376 - a nested file declaring a chain schemaVersion is not counted as a stage
  ---
  duration_ms: 59.5191
  type: 'test'
  ...
# Subtest: two files declaring the same stage make the chain ambiguous rather than lucky
ok 377 - two files declaring the same stage make the chain ambiguous rather than lucky
  ---
  duration_ms: 48.6612
  type: 'test'
  ...
# Subtest: a binding that names one artifact while pointing at another FAILs
ok 378 - a binding that names one artifact while pointing at another FAILs
  ---
  duration_ms: 83.505
  type: 'test'
  ...
# Subtest: two journeys in one directory are refused rather than silently merged
ok 379 - two journeys in one directory are refused rather than silently merged
  ---
  duration_ms: 98.6305
  type: 'test'
  ...
# Subtest: a caseId asserted about the envelope-exempt root is reported as unconfirmable, not confirmed
ok 380 - a caseId asserted about the envelope-exempt root is reported as unconfirmable, not confirmed
  ---
  duration_ms: 5.8212
  type: 'test'
  ...
# Subtest: a binding whose caseId contradicts the artifact it names FAILs
ok 381 - a binding whose caseId contradicts the artifact it names FAILs
  ---
  duration_ms: 35.8159
  type: 'test'
  ...
# Subtest: a mislabelled stage or an unparseable timestamp FAILs the envelope
ok 382 - a mislabelled stage or an unparseable timestamp FAILs the envelope
  ---
  duration_ms: 34.4907
  type: 'test'
  ...
# Subtest: an unparseable file in the chain directory blocks PASS instead of being skipped
ok 383 - an unparseable file in the chain directory blocks PASS instead of being skipped
  ---
  duration_ms: 37.2272
  type: 'test'
  ...
# Subtest: the frozen chain is five stages and six edges
ok 384 - the frozen chain is five stages and six edges
  ---
  duration_ms: 0.388
  type: 'test'
  ...
# Subtest: a pack standing only on its own passing tests is unfalsified, not verified
ok 385 - a pack standing only on its own passing tests is unfalsified, not verified
  ---
  duration_ms: 80.7194
  type: 'test'
  ...
# Subtest: a window that ends at or before it starts measured no time
ok 386 - a window that ends at or before it starts measured no time
  ---
  duration_ms: 56.8237
  type: 'test'
  ...
# Subtest: every claim in the committed contract is independently derivable from evidence on disk
ok 387 - every claim in the committed contract is independently derivable from evidence on disk
  ---
  duration_ms: 40.6871
  type: 'test'
  ...
# Subtest: independent evaluation can never be granted by this repository's own checker
ok 388 - independent evaluation can never be granted by this repository's own checker
  ---
  duration_ms: 21.9129
  type: 'test'
  ...
# Subtest: a check hand-set to true without its evidence is reported as an overclaim
ok 389 - a check hand-set to true without its evidence is reported as an overclaim
  ---
  duration_ms: 29.1384
  type: 'test'
  ...
# Subtest: the glossary check is bound to the terms the baseline actually recorded
ok 390 - the glossary check is bound to the terms the baseline actually recorded
  ---
  duration_ms: 28.9159
  type: 'test'
  ...
# Subtest: a mechanism whose removal changes nothing is present, not responsible
ok 391 - a mechanism whose removal changes nothing is present, not responsible
  ---
  duration_ms: 1.762
  type: 'test'
  ...
# Subtest: a knockout landing on the baseline's terminal state proves nothing
ok 392 - a knockout landing on the baseline's terminal state proves nothing
  ---
  duration_ms: 0.3922
  type: 'test'
  ...
# Subtest: a real removal that lands somewhere else establishes necessity
ok 393 - a real removal that lands somewhere else establishes necessity
  ---
  duration_ms: 0.2294
  type: 'test'
  ...
# Subtest: methods that cannot establish necessity are refused by name, with the reason
ok 394 - methods that cannot establish necessity are refused by name, with the reason
  ---
  duration_ms: 1.0606
  type: 'test'
  ...
# Subtest: without a declared terminal state the gaming route is undetectable, so it is required
ok 395 - without a declared terminal state the gaming route is undetectable, so it is required
  ---
  duration_ms: 0.3587
  type: 'test'
  ...
# Subtest: an observation is required on both sides; a verdict is not an observation
ok 396 - an observation is required on both sides; a verdict is not an observation
  ---
  duration_ms: 0.3837
  type: 'test'
  ...
# Subtest: public package modules expose the typed evidence and collector ports
ok 397 - public package modules expose the typed evidence and collector ports
  ---
  duration_ms: 116.9265
  type: 'test'
  ...
# Subtest: evidence ingest hashes opened bytes, persists an immutable snapshot, and rechecks anchors and freshness
ok 398 - evidence ingest hashes opened bytes, persists an immutable snapshot, and rechecks anchors and freshness
  ---
  duration_ms: 460.7016
  type: 'test'
  ...
# Subtest: typed PDF, image, and video locators retain supplied positions and verify exact byte anchors
ok 399 - typed PDF, image, and video locators retain supplied positions and verify exact byte anchors
  ---
  duration_ms: 876.9216
  type: 'test'
  ...
# Subtest: evidence ingest rejects caller-hash mismatches, duplicates, escaping paths, symlinks, and byte/locator overruns
ok 400 - evidence ingest rejects caller-hash mismatches, duplicates, escaping paths, symlinks, and byte/locator overruns
  ---
  duration_ms: 177.8593
  type: 'test'
  ...
# Subtest: snapshot verification detects tampered content-addressed bytes
ok 401 - snapshot verification detects tampered content-addressed bytes
  ---
  duration_ms: 106.9166
  type: 'test'
  ...
# Subtest: snapshot identity binds metadata filename, source tuple, blob path, and present bytes
ok 402 - snapshot identity binds metadata filename, source tuple, blob path, and present bytes
  ---
  duration_ms: 95.8434
  type: 'test'
  ...
# Subtest: stable evidence reads reject source, metadata, and blob mutations after open
ok 403 - stable evidence reads reject source, metadata, and blob mutations after open
  ---
  duration_ms: 120.8363
  type: 'test'
  ...
# Subtest: provider-neutral collector separates normalization, preserves raw search/fetch provenance, and only proposes graph changes
ok 404 - provider-neutral collector separates normalization, preserves raw search/fetch provenance, and only proposes graph changes
  ---
  duration_ms: 596.469
  type: 'test'
  ...
# Subtest: research ports reject provider URI/duplicate/limit violations before graph proposal
ok 405 - research ports reject provider URI/duplicate/limit violations before graph proposal
  ---
  duration_ms: 282.1327
  type: 'test'
  ...
# Subtest: domain-blank CLI snapshots local bytes, verifies them, and runs fixture research as a pending proposal
ok 406 - domain-blank CLI snapshots local bytes, verifies them, and runs fixture research as a pending proposal
  ---
  duration_ms: 2410.6424
  type: 'test'
  ...
# Subtest: initializes a backend-neutral six-layer graph with proposal-only authority
ok 407 - initializes a backend-neutral six-layer graph with proposal-only authority
  ---
  duration_ms: 331.621
  type: 'test'
  ...
# Subtest: ingests immutable multimodal evidence only through an accepted patch
ok 408 - ingests immutable multimodal evidence only through an accepted patch
  ---
  duration_ms: 1062.4279
  type: 'test'
  ...
# Subtest: supports source-grounded hyperedges, retrieval, gaps, actions, replay, and benchmark
ok 409 - supports source-grounded hyperedges, retrieval, gaps, actions, replay, and benchmark
  ---
  duration_ms: 646.2422
  type: 'test'
  ...
# Subtest: blocks ungrounded, stale, and direct source mutations while retaining deprecated history
ok 410 - blocks ungrounded, stale, and direct source mutations while retaining deprecated history
  ---
  duration_ms: 1373.307
  type: 'test'
  ...
# Subtest: reserves the source layer exclusively for authenticated evidence snapshots
ok 411 - reserves the source layer exclusively for authenticated evidence snapshots
  ---
  duration_ms: 506.1636
  type: 'test'
  ...
# Subtest: rejects fabricated source anchors and every stale reference location
ok 412 - rejects fabricated source anchors and every stale reference location
  ---
  duration_ms: 6827.2939
  type: 'test'
  ...
# Subtest: rejects stale accepted proposals instead of overwriting a newer graph version
ok 413 - rejects stale accepted proposals instead of overwriting a newer graph version
  ---
  duration_ms: 295.2763
  type: 'test'
  ...
# Subtest: serializes same-base applies and concurrent action receipts without lost updates
ok 414 - serializes same-base applies and concurrent action receipts without lost updates
  ---
  duration_ms: 1397.4112
  type: 'test'
  ...
# Subtest: rejects tampered, dropped, and reordered action receipt histories
ok 415 - rejects tampered, dropped, and reordered action receipt histories
  ---
  duration_ms: 413.2161
  type: 'test'
  ...
# Subtest: file adapter keeps the prior valid bytes when atomic persistence fails before rename
ok 416 - file adapter keeps the prior valid bytes when atomic persistence fails before rename
  ---
  duration_ms: 55.6446
  type: 'test'
  ...
# Subtest: rejects graph symlink, hard-link, and target-swap filesystem attacks
ok 417 - rejects graph symlink, hard-link, and target-swap filesystem attacks
  ---
  duration_ms: 77.6563
  type: 'test'
  ...
# Subtest: projects evaluated Harness Gym observations as a proposal, never as an automatic promotion
ok 418 - projects evaluated Harness Gym observations as a proposal, never as an automatic promotion
  ---
  duration_ms: 1515.9494
  type: 'test'
  ...
# Subtest: CLI exposes the complete safe graph lifecycle
ok 419 - CLI exposes the complete safe graph lifecycle
  ---
  duration_ms: 1411.4714
  type: 'test'
  ...
# Subtest: concurrent writers never lose a receipt and never break the hash chain
ok 420 - concurrent writers never lose a receipt and never break the hash chain
  ---
  duration_ms: 3195.4608
  type: 'test'
  ...
# Subtest: the chain holds across repeated contended rounds
ok 421 - the chain holds across repeated contended rounds
  ---
  duration_ms: 3618.2741
  type: 'test'
  ...
# Subtest: a hardlinked lock is still refused
ok 422 - a hardlinked lock is still refused
  ---
  duration_ms: 61.6068
  type: 'test'
  ...
# Subtest: a wedged holder still expires; the budget measures lack of progress, not patience
ok 423 - a wedged holder still expires; the budget measures lack of progress, not patience
  ---
  duration_ms: 10079.0495
  type: 'test'
  ...
# Subtest: a writer that loses every race still fails; a moving queue is not a licence to wait forever
ok 424 - a writer that loses every race still fails; a moving queue is not a licence to wait forever
  ---
  duration_ms: 1563.1836
  type: 'test'
  ...
# Subtest: accepted retrieval traverses governed hyperedges and excludes stale, deprecated, and rejected facts
ok 425 - accepted retrieval traverses governed hyperedges and excludes stale, deprecated, and rejected facts
  ---
  duration_ms: 3384.1565
  type: 'test'
  ...
# Subtest: retrieval rejects ambiguous or unbounded request shapes before evaluation
ok 426 - retrieval rejects ambiguous or unbounded request shapes before evaluation
  ---
  duration_ms: 1649.91
  type: 'test'
  ...
# Subtest: query hash and receipt policy bind every decision-affecting retrieval parameter
ok 427 - query hash and receipt policy bind every decision-affecting retrieval parameter
  ---
  duration_ms: 1485.7854
  type: 'test'
  ...
# Subtest: Caseflow context consumer preserves provenance and repeat-session history
ok 428 - Caseflow context consumer preserves provenance and repeat-session history
  ---
  duration_ms: 1518.0396
  type: 'test'
  ...
# Subtest: memory repeat-session receipts use a bounded cryptographic predecessor chain
ok 429 - memory repeat-session receipts use a bounded cryptographic predecessor chain
  ---
  duration_ms: 2035.0326
  type: 'test'
  ...
# Subtest: memory projection isolates tenants and rejects a stale transaction
ok 430 - memory projection isolates tenants and rejects a stale transaction
  ---
  duration_ms: 977.7428
  type: 'test'
  ...
# Subtest: PostgreSQL projection is owner-scoped and rolls back a stale SELECT FOR UPDATE transaction
ok 431 - PostgreSQL projection is owner-scoped and rolls back a stale SELECT FOR UPDATE transaction
  ---
  duration_ms: 1749.9953
  type: 'test'
  ...
# Subtest: PostgreSQL repeat-session persistence stores a bounded replay chain and rolls back oversized input
ok 432 - PostgreSQL repeat-session persistence stores a bounded replay chain and rolls back oversized input
  ---
  duration_ms: 1970.3533
  type: 'test'
  ...
# Subtest: protected flat/static/evolving comparison fixes inputs and evaluator without claiming adoption
ok 433 - protected flat/static/evolving comparison fixes inputs and evaluator without claiming adoption
  ---
  duration_ms: 1146.9884
  type: 'test'
  ...
# Subtest: protected comparison runner imports the exact disposable tarball and rejects candidate replay
ok 434 - protected comparison runner imports the exact disposable tarball and rejects candidate replay
  ---
  duration_ms: 18348.9306
  type: 'test'
  ...
# Subtest: public package exposes the knowledge runtime, PostgreSQL adapter, and migration
ok 435 - public package exposes the knowledge runtime, PostgreSQL adapter, and migration
  ---
  duration_ms: 6.0863
  type: 'test'
  ...
# Subtest: the salon LaunchManifest — a deploy whose DOM signal was NOT observed — validates
ok 436 - the salon LaunchManifest — a deploy whose DOM signal was NOT observed — validates
  ---
  duration_ms: 351.3854
  type: 'test'
  ...
# Subtest: a green claim is REJECTED when no rendered-DOM probe observed the signal
ok 437 - a green claim is REJECTED when no rendered-DOM probe observed the signal
  ---
  duration_ms: 5.7995
  type: 'test'
  ...
# Subtest: a raw-HTTP observation cannot reach the green claim, however clean the fetch
ok 438 - a raw-HTTP observation cannot reach the green claim, however clean the fetch
  ---
  duration_ms: 5.2481
  type: 'test'
  ...
# Subtest: a rendered-DOM observation DOES reach green — but only with a shell baseline that excludes it
ok 439 - a rendered-DOM observation DOES reach green — but only with a shell baseline that excludes it
  ---
  duration_ms: 6.5485
  type: 'test'
  ...
# Subtest: a non-green claim must disclose why, and an observed probe must carry generated evidence
ok 440 - a non-green claim must disclose why, and an observed probe must carry generated evidence
  ---
  duration_ms: 5.3906
  type: 'test'
  ...
# Subtest: a promised signal cannot be left unprobed
ok 441 - a promised signal cannot be left unprobed
  ---
  duration_ms: 4.2243
  type: 'test'
  ...
# Subtest: no self-approval: promotionAuthorized true and reviewer fields are unwritable
ok 442 - no self-approval: promotionAuthorized true and reviewer fields are unwritable
  ---
  duration_ms: 12.8568
  type: 'test'
  ...
# Subtest: H1 is a policy statement, not human presence — and an agent-readable key cannot buy H2
ok 443 - H1 is a policy statement, not human presence — and an agent-readable key cannot buy H2
  ---
  duration_ms: 9.821
  type: 'test'
  ...
# Subtest: spend cannot present an estimate as a bill, a free tier as paid, or an overrun as clean
ok 444 - spend cannot present an estimate as a bill, a free tier as paid, or an overrun as clean
  ---
  duration_ms: 16.1464
  type: 'test'
  ...
# Subtest: the manifest must bind its BuildEvidencePack by digest, not consume a name
ok 445 - the manifest must bind its BuildEvidencePack by digest, not consume a name
  ---
  duration_ms: 4.7927
  type: 'test'
  ...
# Subtest: the frozen envelope is not negotiable
ok 446 - the frozen envelope is not negotiable
  ---
  duration_ms: 7.7858
  type: 'test'
  ...
# Subtest: the template refuses as declared — an unfilled form is not a plan
ok 447 - the template refuses as declared — an unfilled form is not a plan
  ---
  duration_ms: 2.1879
  type: 'test'
  ...
# Subtest: an eager agent that rendered before direction was approved is refused at the stage exit
ok 448 - an eager agent that rendered before direction was approved is refused at the stage exit
  ---
  duration_ms: 0.5748
  type: 'test'
  ...
# Subtest: a reference described with adjectives instead of timestamps is refused — taste must be scoreable
ok 449 - a reference described with adjectives instead of timestamps is refused — taste must be scoreable
  ---
  duration_ms: 0.4211
  type: 'test'
  ...
# Subtest: the mom test blocks delivery alone, even when the other nine dimensions are perfect
ok 450 - the mom test blocks delivery alone, even when the other nine dimensions are perfect
  ---
  duration_ms: 0.4665
  type: 'test'
  ...
# Subtest: a delivery dated after the launch is a retrospective, and refused as one
ok 451 - a delivery dated after the launch is a retrospective, and refused as one
  ---
  duration_ms: 0.3505
  type: 'test'
  ...
# Subtest: all-ones comprehension on the final cycle is a finding, not a middling pass
ok 452 - all-ones comprehension on the final cycle is a finding, not a middling pass
  ---
  duration_ms: 0.5352
  type: 'test'
  ...
# Subtest: the honest journey passes at every stage: directed, revised with human notes, delivered before launch
ok 453 - the honest journey passes at every stage: directed, revised with human notes, delivered before launch
  ---
  duration_ms: 0.8467
  type: 'test'
  ...
# Subtest: candidate gate exposes exactly the ten decisive local engineering checks
ok 454 - candidate gate exposes exactly the ten decisive local engineering checks
  ---
  duration_ms: 2.7301
  type: 'test'
  ...
# Subtest: engineering issue input is strict about open lowercase P0/P1 blockers
ok 455 - engineering issue input is strict about open lowercase P0/P1 blockers
  ---
  duration_ms: 0.5357
  type: 'test'
  ...
# Subtest: candidate prove composes schema-valid decisive receipts without claiming certification
ok 456 - candidate prove composes schema-valid decisive receipts without claiming certification
  ---
  duration_ms: 383.7505
  type: 'test'
  ...
# Subtest: browser-contract readiness requires every structural assertion and a certification disclaimer
ok 457 - browser-contract readiness requires every structural assertion and a certification disclaimer
  ---
  duration_ms: 0.5738
  type: 'test'
  ...
# Subtest: package metadata exposes preflight and exact proof commands
ok 458 - package metadata exposes preflight and exact proof commands
  ---
  duration_ms: 1.8318
  type: 'test'
  ...
# Subtest: candidate preflight materializes the intentionally non-JSON template dependency placeholder
ok 459 - candidate preflight materializes the intentionally non-JSON template dependency placeholder
  ---
  duration_ms: 2.7538
  type: 'test'
  ...
# Subtest: model observation and capability-card schemas require exact resolved identity
ok 460 - model observation and capability-card schemas require exact resolved identity
  ---
  duration_ms: 357.2214
  type: 'test'
  ...
# Subtest: harness init is additive and baseline fails closed to an unmeasured registry
ok 461 - harness init is additive and baseline fails closed to an unmeasured registry
  ---
  duration_ms: 3125.7412
  type: 'test'
  ...
# Subtest: compiler validates observations and cards and keeps requested aliases separate from resolved models
ok 462 - compiler validates observations and cards and keeps requested aliases separate from resolved models
  ---
  duration_ms: 1598.9807
  type: 'test'
  ...
# Subtest: compiler rejects escaped evidence roots and unsupported project-card claims
ok 463 - compiler rejects escaped evidence roots and unsupported project-card claims
  ---
  duration_ms: 1601.9799
  type: 'test'
  ...
# Subtest: failure diagnosis only marks repeated multi-brief findings as skill candidates
ok 464 - failure diagnosis only marks repeated multi-brief findings as skill candidates
  ---
  duration_ms: 1.0656
  type: 'test'
  ...
# Subtest: motion value normalization removes spelling noise without collapsing distinct semantics
ok 465 - motion value normalization removes spelling noise without collapsing distinct semantics
  ---
  duration_ms: 1.4241
  type: 'test'
  ...
# Subtest: the receipt catches the real false-friend shape and binds its denominator
ok 466 - the receipt catches the real false-friend shape and binds its denominator
  ---
  duration_ms: 928.0974
  type: 'test'
  ...
# Subtest: seconds, milliseconds, and bezier spelling compare as the same behavior
ok 467 - seconds, milliseconds, and bezier spelling compare as the same behavior
  ---
  duration_ms: 46.3908
  type: 'test'
  ...
# Subtest: an absent repository is NOT_RUN rather than a vacuous pass
ok 468 - an absent repository is NOT_RUN rather than a vacuous pass
  ---
  duration_ms: 46.131
  type: 'test'
  ...
# Subtest: migration aliases preserve exact values and changed values remain review-only
ok 469 - migration aliases preserve exact values and changed values remain review-only
  ---
  duration_ms: 45.154
  type: 'test'
  ...
# Subtest: two empty directories cannot manufacture a green comparison
ok 470 - two empty directories cannot manufacture a green comparison
  ---
  duration_ms: 26.9409
  type: 'test'
  ...
# Subtest: the CLI writes the same schema-bound receipt it prints
ok 471 - the CLI writes the same schema-bound receipt it prints
  ---
  duration_ms: 318.094
  type: 'test'
  ...
# Subtest: the command exposes usable help without scanning or writing
ok 472 - the command exposes usable help without scanning or writing
  ---
  duration_ms: 557.2622
  type: 'test'
  ...
# Subtest: repeated workspace binding and provider session start deduplicate canonical artifacts
ok 473 - repeated workspace binding and provider session start deduplicate canonical artifacts
  ---
  duration_ms: 388.5683
  type: 'test'
  ...
# Subtest: invalid initial repository evidence leaves no partial session artifact
ok 474 - invalid initial repository evidence leaves no partial session artifact
  ---
  duration_ms: 4.1565
  type: 'test'
  ...
# Subtest: founder resumes the exact session only after a trusted receipt and a new durable checkpoint
ok 475 - founder resumes the exact session only after a trusted receipt and a new durable checkpoint
  ---
  duration_ms: 9.4529
  type: 'test'
  ...
# Subtest: coding agent cannot supply workspace owner identity
ok 476 - coding agent cannot supply workspace owner identity
  ---
  duration_ms: 0.6636
  type: 'test'
  ...
# Subtest: trusted adapter output containing a raw provider session ID is rejected before persistence
ok 477 - trusted adapter output containing a raw provider session ID is rejected before persistence
  ---
  duration_ms: 2.2529
  type: 'test'
  ...
# Subtest: repository movement blocks resume without writing a false checkpoint
ok 478 - repository movement blocks resume without writing a false checkpoint
  ---
  duration_ms: 8.7875
  type: 'test'
  ...
# Subtest: analyst cannot checkpoint or resume from a stale frontier
ok 479 - analyst cannot checkpoint or resume from a stale frontier
  ---
  duration_ms: 7.005
  type: 'test'
  ...
# Subtest: 100 concurrent resume attempts across ten sessions produce one winner per session
ok 480 - 100 concurrent resume attempts across ten sessions produce one winner per session
  ---
  duration_ms: 92.7135
  type: 'test'
  ...
# Subtest: degraded adapter timeout never returns RESUMED or leaks a lease
ok 481 - degraded adapter timeout never returns RESUMED or leaks a lease
  ---
  duration_ms: 19.8152
  type: 'test'
  ...
# Subtest: adapter cannot substitute another provider session during resume
ok 482 - adapter cannot substitute another provider session during resume
  ---
  duration_ms: 4.4864
  type: 'test'
  ...
# Subtest: burst adapter output cannot persist an unbounded artifact digest list
ok 483 - burst adapter output cannot persist an unbounded artifact digest list
  ---
  duration_ms: 3.6591
  type: 'test'
  ...
# Subtest: sustained state retains 1,000 exact checkpoint predecessors with no generation field
ok 484 - sustained state retains 1,000 exact checkpoint predecessors with no generation field
  ---
  duration_ms: 57460.6892
  type: 'test'
  ...
# Subtest: migration matrix keeps exact trusted evidence resumable and strips legacy authority
ok 485 - migration matrix keeps exact trusted evidence resumable and strips legacy authority
  ---
  duration_ms: 356.7156
  type: 'test'
  ...
# Subtest: migration matrix makes incomplete evidence history-only or explicitly not resumable
ok 486 - migration matrix makes incomplete evidence history-only or explicitly not resumable
  ---
  duration_ms: 1.3151
  type: 'test'
  ...
# Subtest: migration matrix rejects owner mismatch, cross-identity provider reuse, and conflicting duplicates
ok 487 - migration matrix rejects owner mismatch, cross-identity provider reuse, and conflicting duplicates
  ---
  duration_ms: 4.0232
  type: 'test'
  ...
# Subtest: verification fails closed after bundle or artifact tampering
ok 488 - verification fails closed after bundle or artifact tampering
  ---
  duration_ms: 1.9629
  type: 'test'
  ...
# Subtest: privileged importer writes the verified dependency chain into the active Caseflow run exactly once
ok 489 - privileged importer writes the verified dependency chain into the active Caseflow run exactly once
  ---
  duration_ms: 8.8223
  type: 'test'
  ...
# Subtest: privileged importer rejects wrong authority, wrong approval, and broken dependencies before writes
ok 490 - privileged importer rejects wrong authority, wrong approval, and broken dependencies before writes
  ---
  duration_ms: 3.4619
  type: 'test'
  ...
# Subtest: Founder Quest production identity stays synchronized across campaign inputs
ok 491 - Founder Quest production identity stays synchronized across campaign inputs
  ---
  duration_ms: 24.977
  type: 'test'
  ...
# Subtest: public drafts contain no unresolved tokens and preserve platform and scope boundaries
ok 492 - public drafts contain no unresolved tokens and preserve platform and scope boundaries
  ---
  duration_ms: 3.5361
  type: 'test'
  ...
# Subtest: Founder Quest video spec is claim-safe and duration-bounded
ok 493 - Founder Quest video spec is claim-safe and duration-bounded
  ---
  duration_ms: 5.3003
  type: 'test'
  ...
# Subtest: checked-in spec contains no literal, local, or synthetic production URL
ok 494 - checked-in spec contains no literal, local, or synthetic production URL
  ---
  duration_ms: 0.7154
  type: 'test'
  ...
# Subtest: walkthrough remains read-only and traverses graph, answer, sources, and proof
ok 495 - walkthrough remains read-only and traverses graph, answer, sources, and proof
  ---
  duration_ms: 0.6903
  type: 'test'
  ...
# Subtest: Remotion commands call the pinned Feature Proof Studio stage
ok 496 - Remotion commands call the pinned Feature Proof Studio stage
  ---
  duration_ms: 1.556
  type: 'test'
  ...
# Subtest: package commands are executable without direct .cmd spawning on Windows
ok 497 - package commands are executable without direct .cmd spawning on Windows
  ---
  duration_ms: 0.3044
  type: 'test'
  ...
# Subtest: capture adapter adds a bounded visible-text wait to the pinned script contract
ok 498 - capture adapter adds a bounded visible-text wait to the pinned script contract
  ---
  duration_ms: 34.8222
  type: 'test'
  ...
# Subtest: campaign renderer pulls result frames back to the full product surface
ok 499 - campaign renderer pulls result frames back to the full product surface
  ---
  duration_ms: 1.0016
  type: 'test'
  ...
# Subtest: preflight fails closed when deployment, browser, and screenshot proof are absent
ok 500 - preflight fails closed when deployment, browser, and screenshot proof are absent
  ---
  duration_ms: 26.5081
  type: 'test'
  ...
# Subtest: planned Founder Quest claim cannot authorize a final capture
ok 501 - planned Founder Quest claim cannot authorize a final capture
  ---
  duration_ms: 1.0443
  type: 'test'
  ...
# Subtest: verified Founder Quest claim is bound to the exact checked-in production proof
ok 502 - verified Founder Quest claim is bound to the exact checked-in production proof
  ---
  duration_ms: 0.6589
  type: 'test'
  ...
# Subtest: a surface that does not apply says why, because that is the sentence worth reading
ok 503 - a surface that does not apply says why, because that is the sentence worth reading
  ---
  duration_ms: 1.5406
  type: 'test'
  ...
# Subtest: every entry point the index advertises actually exists in this package
ok 504 - every entry point the index advertises actually exists in this package
  ---
  duration_ms: 1.2084
  type: 'test'
  ...
# Subtest: every export this package ships is either indexed or deliberately internal
ok 505 - every export this package ships is either indexed or deliberately internal
  ---
  duration_ms: 1.3722
  type: 'test'
  ...
# Subtest: explain names the gates first and tells a python project what to skip
ok 506 - explain names the gates first and tells a python project what to skip
  ---
  duration_ms: 14.4677
  type: 'test'
  ...
# Subtest: the CLI exposes explain, and refuses an unknown stack rather than guessing
ok 507 - the CLI exposes explain, and refuses an unknown stack rather than guessing
  ---
  duration_ms: 408.0372
  type: 'test'
  ...
# Subtest: every CLI verb is either indexed or deliberately internal
ok 508 - every CLI verb is either indexed or deliberately internal
  ---
  duration_ms: 6.3523
  type: 'test'
  ...
# Subtest: no two surfaces share an id
ok 509 - no two surfaces share an id
  ---
  duration_ms: 0.2774
  type: 'test'
  ...
# Subtest: Windows npm invocation preserves path-with-spaces arguments without a shell
ok 510 - Windows npm invocation preserves path-with-spaces arguments without a shell
  ---
  duration_ms: 2.0941
  type: 'test'
  ...
# Subtest: Windows npm invocation fails closed instead of falling back to shell parsing
ok 511 - Windows npm invocation fails closed instead of falling back to shell parsing
  ---
  duration_ms: 0.755
  type: 'test'
  ...
# Subtest: POSIX npm invocation has a shell-free binary fallback
ok 512 - POSIX npm invocation has a shell-free binary fallback
  ---
  duration_ms: 1.2227
  type: 'test'
  ...
# Subtest: inspects an npm-shaped gzip tar, applies PAX paths, and emits a canonical file manifest
ok 513 - inspects an npm-shaped gzip tar, applies PAX paths, and emits a canonical file manifest
  ---
  duration_ms: 540.3712
  type: 'test'
  ...
# Subtest: manifest identity is stable across tar ordering while the tarball identity remains byte-exact
ok 514 - manifest identity is stable across tar ordering while the tarball identity remains byte-exact
  ---
  duration_ms: 3.4815
  type: 'test'
  ...
# Subtest: rejects traversal, absolute, backslash, dot-segment, and non-package paths
ok 515 - rejects traversal, absolute, backslash, dot-segment, and non-package paths
  ---
  duration_ms: 5.6136
  type: 'test'
  ...
# Subtest: rejects symbolic links, hard links, and link targets hidden on regular entries
ok 516 - rejects symbolic links, hard links, and link targets hidden on regular entries
  ---
  duration_ms: 3.3878
  type: 'test'
  ...
# Subtest: rejects exact, case-insensitive, and file-versus-directory path collisions
ok 517 - rejects exact, case-insensitive, and file-versus-directory path collisions
  ---
  duration_ms: 2.5006
  type: 'test'
  ...
# Subtest: rejects header tampering, non-zero padding, trailing tar payload, and a missing second end block
ok 518 - rejects header tampering, non-zero padding, trailing tar payload, and a missing second end block
  ---
  duration_ms: 4.1563
  type: 'test'
  ...
# Subtest: rejects malformed package metadata and archives without package.json
ok 519 - rejects malformed package metadata and archives without package.json
  ---
  duration_ms: 2.3942
  type: 'test'
  ...
# Subtest: fails closed on compressed, decompressed, file-count, entry, PAX, and unpacked-size limits
ok 520 - fails closed on compressed, decompressed, file-count, entry, PAX, and unpacked-size limits
  ---
  duration_ms: 2.7578
  type: 'test'
  ...
# Subtest: rejects mismatched caller expectations
ok 521 - rejects mismatched caller expectations
  ---
  duration_ms: 2.4142
  type: 'test'
  ...
# Subtest: the committed fixture validates, and it carries an unobserved dimension
ok 522 - the committed fixture validates, and it carries an unobserved dimension
  ---
  duration_ms: 270.1446
  type: 'test'
  ...
# Subtest: a no-instances claim backed by zero samples is REJECTED
ok 523 - a no-instances claim backed by zero samples is REJECTED
  ---
  duration_ms: 1.6412
  type: 'test'
  ...
# Subtest: zero samples is expressible — as inconclusive, which is the honest form of the same run
ok 524 - zero samples is expressible — as inconclusive, which is the honest form of the same run
  ---
  duration_ms: 1.6795
  type: 'test'
  ...
# Subtest: an unobserved dimension cannot carry an outcome, a sampleCount or findings
ok 525 - an unobserved dimension cannot carry an outcome, a sampleCount or findings
  ---
  duration_ms: 6.1105
  type: 'test'
  ...
# Subtest: an unobserved dimension must name what would observe it, so the gap feeds the next DECIDE
ok 526 - an unobserved dimension must name what would observe it, so the gap feeds the next DECIDE
  ---
  duration_ms: 2.464
  type: 'test'
  ...
# Subtest: dropping a dimension from coverage entirely is REJECTED
ok 527 - dropping a dimension from coverage entirely is REJECTED
  ---
  duration_ms: 1.0945
  type: 'test'
  ...
# Subtest: claiming a dimension in BOTH maps is REJECTED
ok 528 - claiming a dimension in BOTH maps is REJECTED
  ---
  duration_ms: 1.334
  type: 'test'
  ...
# Subtest: an observed report without `measured` is REJECTED even when it has a conclusion
ok 529 - an observed report without `measured` is REJECTED even when it has a conclusion
  ---
  duration_ms: 1.2936
  type: 'test'
  ...
# Subtest: an observed report must name the source and the instrument that produced it
ok 530 - an observed report must name the source and the instrument that produced it
  ---
  duration_ms: 1.9383
  type: 'test'
  ...
# Subtest: promotionAuthorized true is REJECTED; false is the only writable value
ok 531 - promotionAuthorized true is REJECTED; false is the only writable value
  ---
  duration_ms: 1.5031
  type: 'test'
  ...
# Subtest: self-approval fields are REJECTED anywhere in content
ok 532 - self-approval fields are REJECTED anywhere in content
  ---
  duration_ms: 4.2374
  type: 'test'
  ...
# Subtest: a pack that does not bind BOTH upstream artifacts is REJECTED
ok 533 - a pack that does not bind BOTH upstream artifacts is REJECTED
  ---
  duration_ms: 1.65
  type: 'test'
  ...
# Subtest: an inputs entry without a sha256 digest is REJECTED
ok 534 - an inputs entry without a sha256 digest is REJECTED
  ---
  duration_ms: 1.3742
  type: 'test'
  ...
# Subtest: a met/not-met success condition with no supporting observations is REJECTED
ok 535 - a met/not-met success condition with no supporting observations is REJECTED
  ---
  duration_ms: 1.2501
  type: 'test'
  ...
# Subtest: not-observable must name WHICH unobserved dimensions made it so
ok 536 - not-observable must name WHICH unobserved dimensions made it so
  ---
  duration_ms: 1.0015
  type: 'test'
  ...
# Subtest: not-observable is expressible when it names its gap
ok 537 - not-observable is expressible when it names its gap
  ---
  duration_ms: 1.0814
  type: 'test'
  ...
# Subtest: an inferred observation must name what it was inferred from
ok 538 - an inferred observation must name what it was inferred from
  ---
  duration_ms: 1.3511
  type: 'test'
  ...
# Subtest: every observation is field-identical to the friction record friction-loop already reads
ok 539 - every observation is field-identical to the friction record friction-loop already reads
  ---
  duration_ms: 1.0595
  type: 'test'
  ...
# Subtest: collectFriction consumes the pack's observations with an identity map, not a translation
ok 540 - collectFriction consumes the pack's observations with an identity map, not a translation
  ---
  duration_ms: 259.8966
  type: 'test'
  ...
# Subtest: the salon OpportunityContract materializes into a build packet the frontend planner accepts
ok 541 - the salon OpportunityContract materializes into a build packet the frontend planner accepts
  ---
  duration_ms: 769.4325
  type: 'test'
  ...
# Subtest: materializeBuildPacket refuses a packet name that could escape the packet directory
ok 542 - materializeBuildPacket refuses a packet name that could escape the packet directory
  ---
  duration_ms: 3.4523
  type: 'test'
  ...
# Subtest: the salon OpportunityContract compiles into a product-design contract the tournament can consume
ok 543 - the salon OpportunityContract compiles into a product-design contract the tournament can consume
  ---
  duration_ms: 204.5068
  type: 'test'
  ...
# Subtest: the OpportunityContract's decisions are carried into the product contract and marked protected
ok 544 - the OpportunityContract's decisions are carried into the product contract and marked protected
  ---
  duration_ms: 1.1868
  type: 'test'
  ...
# Subtest: prohibited authorities become anti-patterns the interface may not present
ok 545 - prohibited authorities become anti-patterns the interface may not present
  ---
  duration_ms: 0.9731
  type: 'test'
  ...
# Subtest: a read-only wedge produces a read-only Atlas query carrying the wedge terms
ok 546 - a read-only wedge produces a read-only Atlas query carrying the wedge terms
  ---
  duration_ms: 1.0018
  type: 'test'
  ...
# Subtest: argument parser requires exact-candidate identity inputs
ok 547 - argument parser requires exact-candidate identity inputs
  ---
  duration_ms: 2.5627
  type: 'test'
  ...
# Subtest: source identity uses locale-independent code-unit path ordering
ok 548 - source identity uses locale-independent code-unit path ordering
  ---
  duration_ms: 6.3422
  type: 'test'
  ...
# Subtest: distribution verification fails closed for every new package surface and required metadata
ok 549 - distribution verification fails closed for every new package surface and required metadata
  ---
  duration_ms: 2.6072
  type: 'test'
  ...
# Subtest: distribution verification fails closed when the Convex component API is absent
ok 550 - distribution verification fails closed when the Convex component API is absent
  ---
  duration_ms: 1.0877
  type: 'test'
  ...
# Subtest: distribution verification requires the attestation subpath and both named attestation bins
ok 551 - distribution verification requires the attestation subpath and both named attestation bins
  ---
  duration_ms: 0.6938
  type: 'test'
  ...
# Subtest: independent package comparison fails closed on changed bytes or file manifests
ok 552 - independent package comparison fails closed on changed bytes or file manifests
  ---
  duration_ms: 0.5534
  type: 'test'
  ...
# Subtest: candidate check rejects dirty files inside the distributable tree
ok 553 - candidate check rejects dirty files inside the distributable tree
  ---
  duration_ms: 5282.2968
  type: 'test'
  ...
# Subtest: candidate check preserves porcelain status columns for modified tracked files
ok 554 - candidate check preserves porcelain status columns for modified tracked files
  ---
  duration_ms: 4020.4125
  type: 'test'
  ...
# Subtest: candidate check parses NUL-delimited rename records without losing either path
ok 555 - candidate check parses NUL-delimited rename records without losing either path
  ---
  duration_ms: 2453.0547
  type: 'test'
  ...
# Subtest: runner proves the exact packed artifact in fresh consumers without publishing or deploying
ok 556 - runner proves the exact packed artifact in fresh consumers without publishing or deploying
  ---
  duration_ms: 29075.7274
  type: 'test'
  ...
# Subtest: a question nobody asked is NOT_RUN, and NOT_RUN blocks release
ok 557 - a question nobody asked is NOT_RUN, and NOT_RUN blocks release
  ---
  duration_ms: 2.6719
  type: 'test'
  ...
# Subtest: neither the builder nor the platform may certify the thing it built
ok 558 - neither the builder nor the platform may certify the thing it built
  ---
  duration_ms: 0.9203
  type: 'test'
  ...
# Subtest: only payment integrity is waivable, and only by someone who looked
ok 559 - only payment integrity is waivable, and only by someone who looked
  ---
  duration_ms: 0.6976
  type: 'test'
  ...
# Subtest: a record cannot supply its own independence verdict
ok 560 - a record cannot supply its own independence verdict
  ---
  duration_ms: 0.8679
  type: 'test'
  ...
# Subtest: independence is derived from who the parties actually were
ok 561 - independence is derived from who the parties actually were
  ---
  duration_ms: 0.8457
  type: 'test'
  ...
# Subtest: a trust level cannot be asserted; it is derived from where the key lives
ok 562 - a trust level cannot be asserted; it is derived from where the key lives
  ---
  duration_ms: 0.6641
  type: 'test'
  ...
# Subtest: compaction that drops what was already tried is a silent loss, and is caught
ok 563 - compaction that drops what was already tried is a silent loss, and is caught
  ---
  duration_ms: 1.8537
  type: 'test'
  ...
# Subtest: a failed approach without a reason cannot prevent the retry it exists to prevent
ok 564 - a failed approach without a reason cannot prevent the retry it exists to prevent
  ---
  duration_ms: 0.2494
  type: 'test'
  ...
# Subtest: the release decision validates its own input instead of trusting the caller
ok 565 - the release decision validates its own input instead of trusting the caller
  ---
  duration_ms: 0.5551
  type: 'test'
  ...
# Subtest: the attestor rule survives spacing, suffixes and a unicode lookalike
ok 566 - the attestor rule survives spacing, suffixes and a unicode lookalike
  ---
  duration_ms: 0.9113
  type: 'test'
  ...
# Subtest: an unknown independence minimum fails closed rather than disabling the check
ok 567 - an unknown independence minimum fails closed rather than disabling the check
  ---
  duration_ms: 0.3161
  type: 'test'
  ...
# Subtest: a self-assertion nested one level deep is still a self-assertion
ok 568 - a self-assertion nested one level deep is still a self-assertion
  ---
  duration_ms: 0.3997
  type: 'test'
  ...
# Subtest: two spellings of one principal are one party
ok 569 - two spellings of one principal are one party
  ---
  duration_ms: 0.1364
  type: 'test'
  ...
# Subtest: continuity sees content erased under a stable id, and duplicates collapsed
ok 570 - continuity sees content erased under a stable id, and duplicates collapsed
  ---
  duration_ms: 0.3077
  type: 'test'
  ...
# Subtest: continuity over an empty history is insufficient, not continuous
ok 571 - continuity over an empty history is insufficient, not continuous
  ---
  duration_ms: 0.1358
  type: 'test'
  ...
# Subtest: PostgreSQL adapter is available through the supported package entry point
ok 572 - PostgreSQL adapter is available through the supported package entry point
  ---
  duration_ms: 1.1513
  type: 'test'
  ...
# Subtest: PostgreSQL legacy proposal rehash uses NodeKit canonical contentHash in an atomic owner batch
ok 573 - PostgreSQL legacy proposal rehash uses NodeKit canonical contentHash in an atomic owner batch
  ---
  duration_ms: 2.0089
  type: 'test'
  ...
# Subtest: PostgreSQL legacy proposal rehash rolls back a non-portable legacy patch
ok 574 - PostgreSQL legacy proposal rehash rolls back a non-portable legacy patch
  ---
  duration_ms: 0.3297
  type: 'test'
  ...
# Subtest: PostgreSQL receipt construction normalizes provider query results before hashing
ok 575 - PostgreSQL receipt construction normalizes provider query results before hashing
  ---
  duration_ms: 4.5391
  type: 'test'
  ...
# Subtest: portable and component receipt hashing share a fixed-ID fixed-clock golden vector
ok 576 - portable and component receipt hashing share a fixed-ID fixed-clock golden vector
  ---
  duration_ms: 0.4605
  type: 'test'
  ...
# Subtest: PostgreSQL migration defines the complete owner-scoped Caseflow record set
ok 577 - PostgreSQL migration defines the complete owner-scoped Caseflow record set
  ---
  duration_ms: 1.2157
  type: 'test'
  ...
# Subtest: PostgreSQL adapter stores the canonical proposal digest once and never sends a hash to apply
ok 578 - PostgreSQL adapter stores the canonical proposal digest once and never sends a hash to apply
  ---
  duration_ms: 0.8747
  type: 'test'
  ...
# Subtest: live PostgreSQL proof exercises a two-client artifact-versus-completion lock barrier
ok 579 - live PostgreSQL proof exercises a two-client artifact-versus-completion lock barrier
  ---
  duration_ms: 1.0099
  type: 'test'
  ...
# Subtest: Supabase profile extends the complete portable record set with owner RLS
ok 580 - Supabase profile extends the complete portable record set with owner RLS
  ---
  duration_ms: 1.2225
  type: 'test'
  ...
# Subtest: a plugin installed during the session is inert, and preflight says so before the work
ok 581 - a plugin installed during the session is inert, and preflight says so before the work
  ---
  duration_ms: 142.4845
  type: 'test'
  ...
# Subtest: a plugin installed before the session, or confirmed active, passes
ok 582 - a plugin installed before the session, or confirmed active, passes
  ---
  duration_ms: 23.7165
  type: 'test'
  ...
# Subtest: a non-blocking activation requirement warns instead of stopping the work
ok 583 - a non-blocking activation requirement warns instead of stopping the work
  ---
  duration_ms: 12.3139
  type: 'test'
  ...
# Subtest: an external generator is unusable until probed, and a stale probe is a memory
ok 584 - an external generator is unusable until probed, and a stale probe is a memory
  ---
  duration_ms: 68.5601
  type: 'test'
  ...
# Subtest: the manifest refuses declarations that would read as complete
ok 585 - the manifest refuses declarations that would read as complete
  ---
  duration_ms: 78.6057
  type: 'test'
  ...
# Subtest: the CLI exposes preflight, exits non-zero when blocked, and passes with no manifest
ok 586 - the CLI exposes preflight, exits non-zero when blocked, and passes with no manifest
  ---
  duration_ms: 924.3593
  type: 'test'
  ...
# Subtest: an explicit 'not confirmed active' is not overturned by a timestamp
ok 587 - an explicit 'not confirmed active' is not overturned by a timestamp
  ---
  duration_ms: 41.0447
  type: 'test'
  ...
# Subtest: claim/evidence gate accepts verified evidence and future-only planned copy
ok 588 - claim/evidence gate accepts verified evidence and future-only planned copy
  ---
  duration_ms: 12.5827
  type: 'test'
  ...
# Subtest: claim/evidence gate fails closed on planned product copy asserted as current reality
ok 589 - claim/evidence gate fails closed on planned product copy asserted as current reality
  ---
  duration_ms: 1.2168
  type: 'test'
  ...
# Subtest: claim/evidence gate fails closed on missing required evidence
ok 590 - claim/evidence gate fails closed on missing required evidence
  ---
  duration_ms: 0.824
  type: 'test'
  ...
# Subtest: campaign slide plan binds verified Founder Quest production evidence and keeps publication separate
ok 591 - campaign slide plan binds verified Founder Quest production evidence and keeps publication separate
  ---
  duration_ms: 4.6765
  type: 'test'
  ...
# Subtest: verified Founder Quest slide carries production copy without erasing the synthetic boundary
ok 592 - verified Founder Quest slide carries production copy without erasing the synthetic boundary
  ---
  duration_ms: 64.9084
  type: 'test'
  ...
# Subtest: final media gate validates the receipt contract and re-hashes both current MP4s
ok 593 - final media gate validates the receipt contract and re-hashes both current MP4s
  ---
  duration_ms: 180.0042
  type: 'test'
  ...
# Subtest: default generation receipt remains canonical, deterministic, hash-bound, and draft-only
ok 594 - default generation receipt remains canonical, deterministic, hash-bound, and draft-only
  ---
  duration_ms: 1.8058
  type: 'test'
  ...
# Subtest: final generation receipt is media-bound, ready, and explicitly not published
ok 595 - final generation receipt is media-bound, ready, and explicitly not published
  ---
  duration_ms: 0.8868
  type: 'test'
  ...
# Subtest: the three spellings that defeated the denylist all resolve to one identity
ok 596 - the three spellings that defeated the denylist all resolve to one identity
  ---
  duration_ms: 1.8035
  type: 'test'
  ...
# Subtest: an alias without evidence is a hunch and is refused
ok 597 - an alias without evidence is a hunch and is refused
  ---
  duration_ms: 1.1358
  type: 'test'
  ...
# Subtest: one surface form cannot resolve to two identities
ok 598 - one surface form cannot resolve to two identities
  ---
  duration_ms: 0.3454
  type: 'test'
  ...
# Subtest: unknown is a real answer, distinct from same and different
ok 599 - unknown is a real answer, distinct from same and different
  ---
  duration_ms: 0.7215
  type: 'test'
  ...
# Subtest: an unregistered attestor is refused, not assumed independent
ok 600 - an unregistered attestor is refused, not assumed independent
  ---
  duration_ms: 0.4892
  type: 'test'
  ...
# Subtest: a registry closes the gap the denylist could only narrow
ok 601 - a registry closes the gap the denylist could only narrow
  ---
  duration_ms: 4.5631
  type: 'test'
  ...
# Subtest: the filled support-desk declaration passes both the schema and the semantic parse
ok 602 - the filled support-desk declaration passes both the schema and the semantic parse
  ---
  duration_ms: 277.6479
  type: 'test'
  ...
# Subtest: the declare template itself is refused — a form you can submit unread is not a gate
ok 603 - the declare template itself is refused — a form you can submit unread is not a gate
  ---
  duration_ms: 0.9378
  type: 'test'
  ...
# Subtest: a high-risk action that runs alone is refused, whatever else is right
ok 604 - a high-risk action that runs alone is refused, whatever else is right
  ---
  duration_ms: 0.3573
  type: 'test'
  ...
# Subtest: no suspension point anywhere needs an explicit noHighRiskActions rationale
ok 605 - no suspension point anywhere needs an explicit noHighRiskActions rationale
  ---
  duration_ms: 0.4558
  type: 'test'
  ...
# Subtest: swapping a golden metric for a flattering substitute is refused by name
ok 606 - swapping a golden metric for a flattering substitute is refused by name
  ---
  duration_ms: 0.3645
  type: 'test'
  ...
# Subtest: a backoff whose cap is below its base is refused — that backoff shrinks
ok 607 - a backoff whose cap is below its base is refused — that backoff shrinks
  ---
  duration_ms: 0.3234
  type: 'test'
  ...
# Subtest: context strategy 'none' needs a rationale and cannot hide next to a real strategy
ok 608 - context strategy 'none' needs a rationale and cannot hide next to a real strategy
  ---
  duration_ms: 0.5562
  type: 'test'
  ...
# Subtest: every refusal is reported at once, not one per run
ok 609 - every refusal is reported at once, not one per run
  ---
  duration_ms: 0.2899
  type: 'test'
  ...
# Subtest: schema refuses the shapes the parse never sees: 100% canary, manual rollback, leaked raw errors
ok 610 - schema refuses the shapes the parse never sees: 100% canary, manual rollback, leaked raw errors
  ---
  duration_ms: 2.992
  type: 'test'
  ...
# Subtest: release maintainer can draft an evidence-bound supersession without gaining review authority
ok 611 - release maintainer can draft an evidence-bound supersession without gaining review authority
  ---
  duration_ms: 990.1332
  type: 'test'
  ...
# Subtest: degraded and adversarial proposal inputs fail closed without writing a draft
ok 612 - degraded and adversarial proposal inputs fail closed without writing a draft
  ---
  duration_ms: 901.2251
  type: 'test'
  ...
# Subtest: sustained repeatable input is bounded before state can accumulate
ok 613 - sustained repeatable input is bounded before state can accumulate
  ---
  duration_ms: 236.6606
  type: 'test'
  ...
# Subtest: protected evaluator launches both isolated lanes by immutable image ID
ok 614 - protected evaluator launches both isolated lanes by immutable image ID
  ---
  duration_ms: 8.522
  type: 'test'
  ...
# Subtest: protected evaluator creates the hidden task only after freezing the candidate and exposes no expected output
ok 615 - protected evaluator creates the hidden task only after freezing the candidate and exposes no expected output
  ---
  duration_ms: 3.8447
  type: 'test'
  ...
# Subtest: protected browser, not candidate evidence, owns the decisive 180-shot matrix
ok 616 - protected browser, not candidate evidence, owns the decisive 180-shot matrix
  ---
  duration_ms: 4.4812
  type: 'test'
  ...
# Subtest: protected browser runs exact Axe 4.12.1 scans for every protected state and binds all browser package trees
ok 617 - protected browser runs exact Axe 4.12.1 scans for every protected state and binds all browser package trees
  ---
  duration_ms: 4.2309
  type: 'test'
  ...
# Subtest: published Caseflow entry point exposes the supported portable contract
ok 618 - published Caseflow entry point exposes the supported portable contract
  ---
  duration_ms: 48.8601
  type: 'test'
  ...
# Subtest: published metadata cannot silently drop attestation and evidence-finalization surfaces
ok 619 - published metadata cannot silently drop attestation and evidence-finalization surfaces
  ---
  duration_ms: 12.5765
  type: 'test'
  ...
# Subtest: every relative README link resolves to a packed package path
ok 620 - every relative README link resolves to a packed package path
  ---
  duration_ms: 9.5842
  type: 'test'
  ...
# Subtest: a first-time builder can reach the principles from both packaged onboarding entry points
ok 621 - a first-time builder can reach the principles from both packaged onboarding entry points
  ---
  duration_ms: 8.9706
  type: 'test'
  ...
# Subtest: the bundled launch skill is the compact, self-contained coding-agent authority
ok 622 - the bundled launch skill is the compact, self-contained coding-agent authority
  ---
  duration_ms: 3.6471
  type: 'test'
  ...
# Subtest: the package and both coding-agent plugin manifests share one version
ok 623 - the package and both coding-agent plugin manifests share one version
  ---
  duration_ms: 3.3143
  type: 'test'
  ...
# Subtest: the field card preserves the NodeVideo execution and anti-complexity boundaries
ok 624 - the field card preserves the NodeVideo execution and anti-complexity boundaries
  ---
  duration_ms: 1.4877
  type: 'test'
  ...
# Subtest: a fresh human or coding agent reaches the compact loop before the detailed manual
ok 625 - a fresh human or coding agent reaches the compact loop before the detailed manual
  ---
  duration_ms: 2.8784
  type: 'test'
  ...
# Subtest: public package bins expose usable help without credentials or writes
ok 626 - public package bins expose usable help without credentials or writes
  ---
  duration_ms: 986.2577
  type: 'test'
  ...
# Subtest: EaseProof documents the qualifying campaign entrypoint rather than incomplete manual trials
ok 627 - EaseProof documents the qualifying campaign entrypoint rather than incomplete manual trials
  ---
  duration_ms: 1.9459
  type: 'test'
  ...
# Subtest: the shipped corpus passes, and says how much it measured while passing
ok 628 - the shipped corpus passes, and says how much it measured while passing
  ---
  duration_ms: 544.2653
  type: 'test'
  ...
# Subtest: an empty corpus directory exits 3 — not-run is never a pass
ok 629 - an empty corpus directory exits 3 — not-run is never a pass
  ---
  duration_ms: 134.8934
  type: 'test'
  ...
# Subtest: the malformed corpus fails, and fails for every reason it was built to fail for
ok 630 - the malformed corpus fails, and fails for every reason it was built to fail for
  ---
  duration_ms: 513.8152
  type: 'test'
  ...
# Subtest: the malformed fixtures stay out of the shipped corpus
ok 631 - the malformed fixtures stay out of the shipped corpus
  ---
  duration_ms: 596.6384
  type: 'test'
  ...
# Subtest: every fact the shipped receipt cites exists by id in the observations record
ok 632 - every fact the shipped receipt cites exists by id in the observations record
  ---
  duration_ms: 2.1121
  type: 'test'
  ...
# Subtest: the shipped receipt scores a subject the cited rule actually governs
ok 633 - the shipped receipt scores a subject the cited rule actually governs
  ---
  duration_ms: 0.9563
  type: 'test'
  ...
# Subtest: a citation reaching past the rule's own evidence is marked, not hidden
ok 634 - a citation reaching past the rule's own evidence is marked, not hidden
  ---
  duration_ms: 0.9724
  type: 'test'
  ...
# Subtest: the schema refuses an override that does not say what it revised the score to
ok 635 - the schema refuses an override that does not say what it revised the score to
  ---
  duration_ms: 252.6437
  type: 'test'
  ...
# Subtest: a corpus whose rules mostly terminate in nothing is decoration, not requirements
ok 636 - a corpus whose rules mostly terminate in nothing is decoration, not requirements
  ---
  duration_ms: 1656.3217
  type: 'test'
  ...
# Subtest: a rule pointing at an artifact that does not exist is not a termination
ok 637 - a rule pointing at an artifact that does not exist is not a termination
  ---
  duration_ms: 2184.5632
  type: 'test'
  ...
# Subtest: refs resolve against the project being gated, not the package the gate ships in
ok 638 - refs resolve against the project being gated, not the package the gate ships in
  ---
  duration_ms: 1301.4164
  type: 'test'
  ...
# Subtest: a rule delegated to a consumer is not decoration, but must name one
ok 639 - a rule delegated to a consumer is not decoration, but must name one
  ---
  duration_ms: 427.1473
  type: 'test'
  ...
# Subtest: Mobbin policy rejects prohibited payload shapes and image URLs with exit 5 and writes nothing
ok 640 - Mobbin policy rejects prohibited payload shapes and image URLs with exit 5 and writes nothing
  ---
  duration_ms: 1662.6168
  type: 'test'
  ...
# Subtest: the content-addressed chain verifies and detects observation and candidate mutation
ok 641 - the content-addressed chain verifies and detects observation and candidate mutation
  ---
  duration_ms: 8782.7825
  type: 'test'
  ...
# Subtest: verification schema-validates every stored design rule before replay
ok 642 - verification schema-validates every stored design rule before replay
  ---
  duration_ms: 3855.354
  type: 'test'
  ...
# Subtest: candidate identity rejects lossy JSON values instead of aliasing NaN to null
ok 643 - candidate identity rejects lossy JSON values instead of aliasing NaN to null
  ---
  duration_ms: 1217.511
  type: 'test'
  ...
# Subtest: canonical identity rejects sparse arrays with named properties
ok 644 - canonical identity rejects sparse arrays with named properties
  ---
  duration_ms: 0.7314
  type: 'test'
  ...
# Subtest: candidate scoring is bound to the current Git HEAD and tracked render bytes
ok 645 - candidate scoring is bound to the current Git HEAD and tracked render bytes
  ---
  duration_ms: 2611.7801
  type: 'test'
  ...
# Subtest: a release engineer cannot omit, duplicate, or reorder an authoritative profile rule
ok 646 - a release engineer cannot omit, duplicate, or reorder an authoritative profile rule
  ---
  duration_ms: 3811.7013
  type: 'test'
  ...
# Subtest: a release cannot inject rule or observation bytes after the candidate commit
ok 647 - a release cannot inject rule or observation bytes after the candidate commit
  ---
  duration_ms: 3933.0825
  type: 'test'
  ...
# Subtest: a profile owner cannot configure duplicate rule ids under different digests
ok 648 - a profile owner cannot configure duplicate rule ids under different digests
  ---
  duration_ms: 1378.7647
  type: 'test'
  ...
# Subtest: candidate evaluation bounds reject 501 entries before reading or hashing them
ok 649 - candidate evaluation bounds reject 501 entries before reading or hashing them
  ---
  duration_ms: 0.6848
  type: 'test'
  ...
# Subtest: trust policy provenance rejects dirty, untracked, and receipt-mutated state
ok 650 - trust policy provenance rejects dirty, untracked, and receipt-mutated state
  ---
  duration_ms: 5064.1337
  type: 'test'
  ...
# Subtest: JSON-equivalent insertion order deduplicates to the same canonical bytes
ok 651 - JSON-equivalent insertion order deduplicates to the same canonical bytes
  ---
  duration_ms: 995.6344
  type: 'test'
  ...
# Subtest: not-applicable and fake evidence cannot satisfy a rule's exact evidence contract
ok 652 - not-applicable and fake evidence cannot satisfy a rule's exact evidence contract
  ---
  duration_ms: 2049.5476
  type: 'test'
  ...
# Subtest: novel-by-intent needs an exact H2/H3 signature, while a signed reject always rejects
ok 653 - novel-by-intent needs an exact H2/H3 signature, while a signed reject always rejects
  ---
  duration_ms: 6463.9757
  type: 'test'
  ...
# Subtest: canonical observation and rule digests are deterministic 100 out of 100 times
ok 654 - canonical observation and rule digests are deterministic 100 out of 100 times
  ---
  duration_ms: 11.0834
  type: 'test'
  ...
# Subtest: Mobbin status fails closed at NOT_RUN and passes only the authenticated non-pixel run
ok 655 - Mobbin status fails closed at NOT_RUN and passes only the authenticated non-pixel run
  ---
  duration_ms: 1411.4305
  type: 'test'
  ...
# Subtest: Mobbin scoring requires the exact signed external run at the candidate commit
ok 656 - Mobbin scoring requires the exact signed external run at the candidate commit
  ---
  duration_ms: 5134.3831
  type: 'test'
  ...
# Subtest: Mobbin scoring enumerates every candidate-committed run despite worktree deletion
ok 657 - Mobbin scoring enumerates every candidate-committed run despite worktree deletion
  ---
  duration_ms: 2697.4095
  type: 'test'
  ...
# Subtest: Mobbin PASS rejects an absent attestation and a service signature too far in the future
ok 658 - Mobbin PASS rejects an absent attestation and a service signature too far in the future
  ---
  duration_ms: 889.6839
  type: 'test'
  ...
# Subtest: a caller-forged Mobbin PASS cannot create an observation or status receipt
ok 659 - a caller-forged Mobbin PASS cannot create an observation or status receipt
  ---
  duration_ms: 721.8355
  type: 'test'
  ...
# Subtest: the committed standalone validators match the five source schemas
ok 660 - the committed standalone validators match the five source schemas
  ---
  duration_ms: 196.8141
  type: 'test'
  ...
# Subtest: the CLI completes observe, rule, score, verify in four commands
ok 661 - the CLI completes observe, rule, score, verify in four commands
  ---
  duration_ms: 2243.0058
  type: 'test'
  ...
# Subtest: a real regression test is proven: it fails on the pre-fix code
ok 662 - a real regression test is proven: it fails on the pre-fix code
  ---
  duration_ms: 4507.0942
  type: 'test'
  ...
# Subtest: a test that passes on both sides is UNPROVEN, and named
ok 663 - a test that passes on both sides is UNPROVEN, and named
  ---
  duration_ms: 3899.1459
  type: 'test'
  ...
# Subtest: a baseline that resolves to HEAD is refused as a tautology
ok 664 - a baseline that resolves to HEAD is refused as a tautology
  ---
  duration_ms: 1614.5771
  type: 'test'
  ...
# Subtest: naming no tests is refused; a proof over zero tests reports success having checked nothing
ok 665 - naming no tests is refused; a proof over zero tests reports success having checked nothing
  ---
  duration_ms: 1678.823
  type: 'test'
  ...
# Subtest: a baseline that is not a commit is refused rather than guessed at
ok 666 - a baseline that is not a commit is refused rather than guessed at
  ---
  duration_ms: 1730.4532
  type: 'test'
  ...
# Subtest: a test file absent from the working tree is refused, not skipped
ok 667 - a test file absent from the working tree is refused, not skipped
  ---
  duration_ms: 1978.4663
  type: 'test'
  ...
# Subtest: a mixed set reports proven and unproven separately rather than averaging them
ok 668 - a mixed set reports proven and unproven separately rather than averaging them
  ---
  duration_ms: 2842.5858
  type: 'test'
  ...
# Subtest: TAP with no results yields nothing to compare, never a pass
ok 669 - TAP with no results yields nothing to compare, never a pass
  ---
  duration_ms: 0.3329
  type: 'test'
  ...
# Subtest: TAP parsing keeps not-ok and ok apart, including names containing dashes
ok 670 - TAP parsing keeps not-ok and ok apart, including names containing dashes
  ---
  duration_ms: 0.5723
  type: 'test'
  ...
# Subtest: an INDENTED subtest is not a top-level result; one failure must not inflate into two
ok 671 - an INDENTED subtest is not a top-level result; one failure must not inflate into two
  ---
  duration_ms: 0.6063
  type: 'test'
  ...
# Subtest: a skipped test is marked skipped rather than counted as an outcome
ok 672 - a skipped test is marked skipped rather than counted as an outcome
  ---
  duration_ms: 0.2649
  type: 'test'
  ...
# Subtest: a test that cannot IMPORT at the baseline is not-run, never proven
ok 673 - a test that cannot IMPORT at the baseline is not-run, never proven
  ---
  duration_ms: 2081.5715
  type: 'test'
  ...
# Subtest: a test already failing at HEAD is not-run — it is broken, not protective
ok 674 - a test already failing at HEAD is not-run — it is broken, not protective
  ---
  duration_ms: 1548.7287
  type: 'test'
  ...
# Subtest: a --name pattern that selects nothing is not-run, not a proof over zero tests
ok 675 - a --name pattern that selects nothing is not-run, not a proof over zero tests
  ---
  duration_ms: 1383.3792
  type: 'test'
  ...
# Subtest: a pre-existing worktree directory is refused rather than deleted
ok 676 - a pre-existing worktree directory is refused rather than deleted
  ---
  duration_ms: 1098.0839
  type: 'test'
  ...
# Subtest: a worktree directory inside the repository is refused
ok 677 - a worktree directory inside the repository is refused
  ---
  duration_ms: 1018.6291
  type: 'test'
  ...
# Subtest: a correctly signed approval from a trusted key verifies and names its approver
ok 678 - a correctly signed approval from a trusted key verifies and names its approver
  ---
  duration_ms: 8.2196
  type: 'test'
  ...
# Subtest: editing any approved field breaks the binding
ok 679 - editing any approved field breaks the binding
  ---
  duration_ms: 2.4861
  type: 'test'
  ...
# Subtest: an approval for another comparison or another repair cannot be replayed
ok 680 - an approval for another comparison or another repair cannot be replayed
  ---
  duration_ms: 1.5894
  type: 'test'
  ...
# Subtest: an untrusted key, or a trusted key not authorized for this purpose, is refused
ok 681 - an untrusted key, or a trusted key not authorized for this purpose, is refused
  ---
  duration_ms: 1.8045
  type: 'test'
  ...
# Subtest: a signature made over the same payload for a DIFFERENT purpose does not verify here
ok 682 - a signature made over the same payload for a DIFFERENT purpose does not verify here
  ---
  duration_ms: 2.2231
  type: 'test'
  ...
# Subtest: an approval must name a verdict, a repair, an approver, and a valid issue time
ok 683 - an approval must name a verdict, a repair, an approver, and a valid issue time
  ---
  duration_ms: 2.5545
  type: 'test'
  ...
# Subtest: the approval hash is the sha256 of its canonical body, so it is independently checkable
ok 684 - the approval hash is the sha256 of its canonical body, so it is independently checkable
  ---
  duration_ms: 2.7411
  type: 'test'
  ...
# Subtest: RECREATE leads with the rung earned, not with a step list
ok 685 - RECREATE leads with the rung earned, not with a step list
  ---
  duration_ms: 2.2139
  type: 'test'
  ...
# Subtest: a packet at the top rung names nothing as unestablished
ok 686 - a packet at the top rung names nothing as unestablished
  ---
  duration_ms: 0.3666
  type: 'test'
  ...
# Subtest: the prompt book prints the original verbatim and never substitutes the cleaned one
ok 687 - the prompt book prints the original verbatim and never substitutes the cleaned one
  ---
  duration_ms: 0.7669
  type: 'test'
  ...
# Subtest: human interventions are surfaced, because a steered run is not prompt-reproducible
ok 688 - human interventions are surfaced, because a steered run is not prompt-reproducible
  ---
  duration_ms: 0.475
  type: 'test'
  ...
# Subtest: an improvement record must name what changed and what taught it
ok 689 - an improvement record must name what changed and what taught it
  ---
  duration_ms: 1.3049
  type: 'test'
  ...
# Subtest: producing a packet earns exactly one rung, and says what that leaves unshown
ok 690 - producing a packet earns exactly one rung, and says what that leaves unshown
  ---
  duration_ms: 229.7538
  type: 'test'
  ...
# Subtest: the original prompt is captured verbatim and digest-bound
ok 691 - the original prompt is captured verbatim and digest-bound
  ---
  duration_ms: 323.8205
  type: 'test'
  ...
# Subtest: a dirty tree is disclosed, because the baseline commit then under-describes the run
ok 692 - a dirty tree is disclosed, because the baseline commit then under-describes the run
  ---
  duration_ms: 448.5836
  type: 'test'
  ...
# Subtest: replaying in a fresh worktree earns BUILD_REPLAYABLE; a failed replay does not
ok 693 - replaying in a fresh worktree earns BUILD_REPLAYABLE; a failed replay does not
  ---
  duration_ms: 13114.3944
  type: 'test'
  ...
# Subtest: the producer refuses inputs it cannot honestly record
ok 694 - the producer refuses inputs it cannot honestly record
  ---
  duration_ms: 1.2119
  type: 'test'
  ...
# Subtest: the CLI reproduces, and --command is what earns the rung rather than asserting it
ok 695 - the CLI reproduces, and --command is what earns the rung rather than asserting it
  ---
  duration_ms: 4965.1065
  type: 'test'
  ...
# Subtest: a packet that captured prompts earns exactly one rung, and says so
ok 696 - a packet that captured prompts earns exactly one rung, and says so
  ---
  duration_ms: 265.8888
  type: 'test'
  ...
# Subtest: a rung cannot stand on a rung nobody tested
ok 697 - a rung cannot stand on a rung nobody tested
  ---
  duration_ms: 0.9358
  type: 'test'
  ...
# Subtest: a replay in the directory that already holds the result replayed nothing
ok 698 - a replay in the directory that already holds the result replayed nothing
  ---
  duration_ms: 0.5514
  type: 'test'
  ...
# Subtest: the original prompt is immutable, and the improved one never replaces it
ok 699 - the original prompt is immutable, and the improved one never replaces it
  ---
  duration_ms: 0.7154
  type: 'test'
  ...
# Subtest: the schema refuses claims the packet cannot support
ok 700 - the schema refuses claims the packet cannot support
  ---
  duration_ms: 0.6941
  type: 'test'
  ...
# Subtest: an uninformed senior engineer can orient with `nodekit tour` and the tour separates what it verified from what it merely explained
ok 701 - an uninformed senior engineer can orient with `nodekit tour` and the tour separates what it verified from what it merely explained
  ---
  duration_ms: 337.1172
  type: 'test'
  ...
# Subtest: the trace step fails when its cited files exist but no longer contain the symbols it cites
ok 702 - the trace step fails when its cited files exist but no longer contain the symbols it cites
  ---
  duration_ms: 322.3952
  type: 'test'
  ...
# Subtest: the tour fails closed when a part it names does not exist, and does not report a pass it did not observe
ok 703 - the tour fails closed when a part it names does not exist, and does not report a pass it did not observe
  ---
  duration_ms: 357.0681
  type: 'test'
  ...
# Subtest: running a lifecycle command the repository does not declare names what IS declared and the next step
ok 704 - running a lifecycle command the repository does not declare names what IS declared and the next step
  ---
  duration_ms: 1554.7633
  type: 'test'
  ...
# Subtest: no second subsystem duplicates an existing owner of human-journey concerns
ok 705 - no second subsystem duplicates an existing owner of human-journey concerns
  ---
  duration_ms: 6.6145
  type: 'test'
  ...
# Subtest: the repository map is derived from source, so a newly added command appears without hand-editing
ok 706 - the repository map is derived from source, so a newly added command appears without hand-editing
  ---
  duration_ms: 5.0268
  type: 'test'
  ...
# Subtest: the corpus can detect both error directions, or it cannot do its job
ok 707 - the corpus can detect both error directions, or it cannot do its job
  ---
  duration_ms: 9.6542
  type: 'test'
  ...
# Subtest: a procedure that treats any incumbent as disqualifying is caught by direction, not by accuracy
ok 708 - a procedure that treats any incumbent as disqualifying is caught by direction, not by accuracy
  ---
  duration_ms: 3.5675
  type: 'test'
  ...
# Subtest: a procedure that can never say no is caught, even though it scores well
ok 709 - a procedure that can never say no is caught, even though it scores well
  ---
  duration_ms: 2.4049
  type: 'test'
  ...
# Subtest: no constant predictor can pass, by construction
ok 710 - no constant predictor can pass, by construction
  ---
  duration_ms: 4.8045
  type: 'test'
  ...
# Subtest: the baseline reported is the strongest constant, not an easy one
ok 711 - the baseline reported is the strongest constant, not an easy one
  ---
  duration_ms: 8.3024
  type: 'test'
  ...
# Subtest: an unusable answer is scored wrong, not skipped
ok 712 - an unusable answer is scored wrong, not skipped
  ---
  duration_ms: 7.1447
  type: 'test'
  ...
# Subtest: a procedure that throws is recorded as wrong and does not take the harness down
ok 713 - a procedure that throws is recorded as wrong and does not take the harness down
  ---
  duration_ms: 4.4639
  type: 'test'
  ...
# Subtest: an oracle following the corpus reasoning passes both gates
ok 714 - an oracle following the corpus reasoning passes both gates
  ---
  duration_ms: 5.8795
  type: 'test'
  ...
# Subtest: the verdict states what it does not establish
ok 715 - the verdict states what it does not establish
  ---
  duration_ms: 4.7554
  type: 'test'
  ...
# Subtest: the launch skill carries the response discipline, human-situation first
ok 716 - the launch skill carries the response discipline, human-situation first
  ---
  duration_ms: 8.2032
  type: 'test'
  ...
# Subtest: both gate docs exist and keep their load-bearing sentences
ok 717 - both gate docs exist and keep their load-bearing sentences
  ---
  duration_ms: 2.9248
  type: 'test'
  ...
# Subtest: the gate docs are wired from the skill, not orphaned
ok 718 - the gate docs are wired from the skill, not orphaned
  ---
  duration_ms: 1.4703
  type: 'test'
  ...
# Subtest: the closure rule exists and reaches consumers: sub-issue completion is not parent completion
ok 719 - the closure rule exists and reaches consumers: sub-issue completion is not parent completion
  ---
  duration_ms: 4.7842
  type: 'test'
  ...
# Subtest: a scaffolded consumer project inherits the discipline
ok 720 - a scaffolded consumer project inherits the discipline
  ---
  duration_ms: 6.3939
  type: 'test'
  ...
# Subtest: the plan that looked complete is blocked, and names both lockfiles
ok 721 - the plan that looked complete is blocked, and names both lockfiles
  ---
  duration_ms: 4.1054
  type: 'test'
  ...
# Subtest: declaring the manifests shared-write with an arbiter clears it
ok 722 - declaring the manifests shared-write with an arbiter clears it
  ---
  duration_ms: 0.7133
  type: 'test'
  ...
# Subtest: a manifest a session genuinely owns needs no shared-write entry
ok 723 - a manifest a session genuinely owns needs no shared-write entry
  ---
  duration_ms: 0.3533
  type: 'test'
  ...
# Subtest: two sessions owning the same path is caught, including through a directory glob
ok 724 - two sessions owning the same path is caught, including through a directory glob
  ---
  duration_ms: 0.456
  type: 'test'
  ...
# Subtest: an unstated read-only default is refused; silence reads as permission
ok 725 - an unstated read-only default is refused; silence reads as permission
  ---
  duration_ms: 0.959
  type: 'test'
  ...
# Subtest: a handback that returns only files is blocked
ok 726 - a handback that returns only files is blocked
  ---
  duration_ms: 0.4525
  type: 'test'
  ...
# Subtest: a manifest that is not in the repository is not demanded
ok 727 - a manifest that is not in the repository is not demanded
  ---
  duration_ms: 1.4381
  type: 'test'
  ...
# Subtest: a shared-write entry with no arbiter is refused; shared without a serialiser is just contended
ok 728 - a shared-write entry with no arbiter is refused; shared without a serialiser is just contended
  ---
  duration_ms: 0.3271
  type: 'test'
  ...
# Subtest: a contract describing no sessions is refused rather than passing vacuously
ok 729 - a contract describing no sessions is refused rather than passing vacuously
  ---
  duration_ms: 0.6088
  type: 'test'
  ...
# Subtest: a one-level glob does not claim a nested manifest
ok 730 - a one-level glob does not claim a nested manifest
  ---
  duration_ms: 0.8418
  type: 'test'
  ...
# Subtest: a recursive glob still claims what is beneath it
ok 731 - a recursive glob still claims what is beneath it
  ---
  duration_ms: 0.3246
  type: 'test'
  ...
# Subtest: a Windows-shaped path cannot slip past a POSIX-shaped rule
ok 732 - a Windows-shaped path cannot slip past a POSIX-shaped rule
  ---
  duration_ms: 0.2267
  type: 'test'
  ...
# Subtest: an empty file list is insufficient, not a pass — the coverage check did not run
ok 733 - an empty file list is insufficient, not a pass — the coverage check did not run
  ---
  duration_ms: 0.1768
  type: 'test'
  ...
# Subtest: the same file written four ways is one file, and two owners of it collide
ok 734 - the same file written four ways is one file, and two owners of it collide
  ---
  duration_ms: 0.4396
  type: 'test'
  ...
# Subtest: a manifest tracked with different case is still a contended manifest
ok 735 - a manifest tracked with different case is still a contended manifest
  ---
  duration_ms: 0.1881
  type: 'test'
  ...
# Subtest: symlinked aliases collide, with a resolver supplied
ok 736 - symlinked aliases collide, with a resolver supplied
  ---
  duration_ms: 0.3021
  type: 'test'
  ...
# Subtest: without a resolver the function stays pure, and says nothing it cannot know
ok 737 - without a resolver the function stays pure, and says nothing it cannot know
  ---
  duration_ms: 0.1989
  type: 'test'
  ...
# Subtest: a path that cannot be resolved falls back to its lexical form rather than failing the run
ok 738 - a path that cannot be resolved falls back to its lexical form rather than failing the run
  ---
  duration_ms: 0.345
  type: 'test'
  ...
# Subtest: an untouched copy from the installed version reads as current
ok 739 - an untouched copy from the installed version reads as current
  ---
  duration_ms: 48.9876
  type: 'test'
  ...
# Subtest: a newer installed NodeKit is version skew — the project is reading superseded instructions
ok 740 - a newer installed NodeKit is version skew — the project is reading superseded instructions
  ---
  duration_ms: 24.1406
  type: 'test'
  ...
# Subtest: a locally edited skill is reported, not failed — projects legitimately customise
ok 741 - a locally edited skill is reported, not failed — projects legitimately customise
  ---
  duration_ms: 26.2474
  type: 'test'
  ...
# Subtest: skills with no provenance record read as unknown vintage, never as fresh
ok 742 - skills with no provenance record read as unknown vintage, never as fresh
  ---
  duration_ms: 11.3709
  type: 'test'
  ...
# Subtest: no skills at all is distinguishable from a clean check over nothing
ok 743 - no skills at all is distinguishable from a clean check over nothing
  ---
  duration_ms: 2.7742
  type: 'test'
  ...
# Subtest: version skew outranks a local edit, because the newer instructions are the bigger fact
ok 744 - version skew outranks a local edit, because the newer instructions are the bigger fact
  ---
  duration_ms: 20.8296
  type: 'test'
  ...
# Subtest: an unreadable installed version does not fabricate a skew verdict
ok 745 - an unreadable installed version does not fabricate a skew verdict
  ---
  duration_ms: 17.4829
  type: 'test'
  ...
# Subtest: a recorded skill that has been deleted is caught, not skipped for being absent
ok 746 - a recorded skill that has been deleted is caught, not skipped for being absent
  ---
  duration_ms: 19.5398
  type: 'test'
  ...
# Subtest: a skill directory with no readable SKILL.md is missing, not current
ok 747 - a skill directory with no readable SKILL.md is missing, not current
  ---
  duration_ms: 19.2152
  type: 'test'
  ...
# Subtest: skills sync actually refreshes a stale copy and records provenance
ok 748 - skills sync actually refreshes a stale copy and records provenance
  ---
  duration_ms: 167.3178
  type: 'test'
  ...
# Subtest: a drifted .codex copy is caught, not just .claude
ok 749 - a drifted .codex copy is caught, not just .claude
  ---
  duration_ms: 81.0324
  type: 'test'
  ...
# Subtest: a record whose skills have ALL been deleted is missing, not no-skills
ok 750 - a record whose skills have ALL been deleted is missing, not no-skills
  ---
  duration_ms: 20.4106
  type: 'test'
  ...
# Subtest: a missing skill outranks version skew, because absent beats out-of-date
ok 751 - a missing skill outranks version skew, because absent beats out-of-date
  ---
  duration_ms: 45.3008
  type: 'test'
  ...
# Subtest: a skill changed UPSTREAM without a version bump is caught, not reported current
ok 752 - a skill changed UPSTREAM without a version bump is caught, not reported current
  ---
  duration_ms: 47.4937
  type: 'test'
  ...
# Subtest: a vendored copy that matches is still current
ok 753 - a vendored copy that matches is still current
  ---
  duration_ms: 31.1748
  type: 'test'
  ...
# Subtest: START_HERE.md cites symbols that are still on the lines it names
ok 754 - START_HERE.md cites symbols that are still on the lines it names
  ---
  duration_ms: 6.3966
  type: 'test'
  ...
# Subtest: docs/START_HERE.md cites symbols that are still on the lines it names
ok 755 - docs/START_HERE.md cites symbols that are still on the lines it names
  ---
  duration_ms: 15.7992
  type: 'test'
  ...
# Subtest: the guard actually checked the citations, rather than parsing none of them
ok 756 - the guard actually checked the citations, rather than parsing none of them
  ---
  duration_ms: 0.1945
  type: 'test'
  ...
# Subtest: a careful claim bound to real evidence survives and stays bound
ok 757 - a careful claim bound to real evidence survives and stays bound
  ---
  duration_ms: 381.114
  type: 'test'
  ...
# Subtest: the sentence a marketer actually writes is withheld: it promises the reader's own data over a fixture
ok 758 - the sentence a marketer actually writes is withheld: it promises the reader's own data over a fixture
  ---
  duration_ms: 14.1613
  type: 'test'
  ...
# Subtest: a demo-data disclosure on the claim's own surface makes it sayable, and the producer binds the disclosure to it
ok 759 - a demo-data disclosure on the claim's own surface makes it sayable, and the producer binds the disclosure to it
  ---
  duration_ms: 12.3767
  type: 'test'
  ...
# Subtest: a disclosure on a DIFFERENT surface does not cover the claim — the landing page reader never sees it
ok 760 - a disclosure on a DIFFERENT surface does not cover the claim — the landing page reader never sees it
  ---
  duration_ms: 41.1139
  type: 'test'
  ...
# Subtest: an evidence reference that resolves to nothing is withheld as invented, not warned about
ok 761 - an evidence reference that resolves to nothing is withheld as invented, not warned about
  ---
  duration_ms: 19.8351
  type: 'test'
  ...
# Subtest: a claim citing nothing at all is withheld; an empty binding reads as cited and cites nothing
ok 762 - a claim citing nothing at all is withheld; an empty binding reads as cited and cites nothing
  ---
  duration_ms: 11.3947
  type: 'test'
  ...
# Subtest: a narrative beat left with no surviving claims is refused rather than shipped as an empty heading
ok 763 - a narrative beat left with no surviving claims is refused rather than shipped as an empty heading
  ---
  duration_ms: 15.7157
  type: 'test'
  ...
# Subtest: a beat that keeps at least one claim survives, and the loss is still recorded
ok 764 - a beat that keeps at least one claim survives, and the loss is still recorded
  ---
  duration_ms: 12.8347
  type: 'test'
  ...
# Subtest: when every claim is withheld the producer says there is no story, rather than emitting an empty one
ok 765 - when every claim is withheld the producer says there is no story, rather than emitting an empty one
  ---
  duration_ms: 8.2881
  type: 'test'
  ...
# Subtest: a story that proposes nothing is refused, not emitted as a finished stage
ok 766 - a story that proposes nothing is refused, not emitted as a finished stage
  ---
  duration_ms: 10.5137
  type: 'test'
  ...
# Subtest: a claim rendered on a surface nobody declared is a caller bug, and refuses rather than withholds
ok 767 - a claim rendered on a surface nobody declared is a caller bug, and refuses rather than withholds
  ---
  duration_ms: 10.9758
  type: 'test'
  ...
# Subtest: the build stage's own notRun and refused are inherited, so honesty does not reset per stage
ok 768 - the build stage's own notRun and refused are inherited, so honesty does not reset per stage
  ---
  duration_ms: 9.677
  type: 'test'
  ...
# Subtest: the pack is bound by canonical digest, and the story never authorizes its own promotion
ok 769 - the pack is bound by canonical digest, and the story never authorizes its own promotion
  ---
  duration_ms: 9.2616
  type: 'test'
  ...
# Subtest: the scanner does not fire on a phrase buried inside another word
ok 770 - the scanner does not fire on a phrase buried inside another word
  ---
  duration_ms: 0.3007
  type: 'test'
  ...
# Subtest: the longest matching phrase wins, so the finding points at what the writer wrote
ok 771 - the longest matching phrase wins, so the finding points at what the writer wrote
  ---
  duration_ms: 0.2316
  type: 'test'
  ...
# Subtest: the scan records its own lexicon digest, so a later lexicon change is visible rather than silent
ok 772 - the scan records its own lexicon digest, so a later lexicon change is visible rather than silent
  ---
  duration_ms: 0.1916
  type: 'test'
  ...
# Subtest: a claim cannot launder a fixture by declaring itself authority-issued
ok 773 - a claim cannot launder a fixture by declaring itself authority-issued
  ---
  duration_ms: 13.3168
  type: 'test'
  ...
# Subtest: the weakest cited source sets the origin; one synthetic row is not diluted by a real export
ok 774 - the weakest cited source sets the origin; one synthetic row is not diluted by a real export
  ---
  duration_ms: 7.1292
  type: 'test'
  ...
# Subtest: a source reference that resolves to nothing is refused, exactly as an evidence reference is
ok 775 - a source reference that resolves to nothing is refused, exactly as an evidence reference is
  ---
  duration_ms: 6.7024
  type: 'test'
  ...
# Subtest: citing no source at all lands on unknown, not on authority-issued by default
ok 776 - citing no source at all lands on unknown, not on authority-issued by default
  ---
  duration_ms: 6.7691
  type: 'test'
  ...
# Subtest: a disagreement between the stated and derived origin is recorded on the claim, not silently resolved
ok 777 - a disagreement between the stated and derived origin is recorded on the claim, not silently resolved
  ---
  duration_ms: 6.1306
  type: 'test'
  ...
# Subtest: the phrase scanner has recall limits, and the pack says so rather than implying it caught everything
ok 778 - the phrase scanner has recall limits, and the pack says so rather than implying it caught everything
  ---
  duration_ms: 7.4584
  type: 'test'
  ...
# Subtest: the salon story pack fixture validates against the schema
ok 779 - the salon story pack fixture validates against the schema
  ---
  duration_ms: 362.6341
  type: 'test'
  ...
# Subtest: inputs bind the upstream artifacts by digest over canonical JSON, not by name
ok 780 - inputs bind the upstream artifacts by digest over canonical JSON, not by name
  ---
  duration_ms: 7.6923
  type: 'test'
  ...
# Subtest: every artifact the fixture cites exists on disk at the declared digest and length
ok 781 - every artifact the fixture cites exists on disk at the declared digest and length
  ---
  duration_ms: 2.3927
  type: 'test'
  ...
# Subtest: every build binding resolves into the BuildEvidencePack it declares as an input
ok 782 - every build binding resolves into the BuildEvidencePack it declares as an input
  ---
  duration_ms: 3.053
  type: 'test'
  ...
# Subtest: every content binding, disclosure and narrative reference resolves inside the pack
ok 783 - every content binding, disclosure and narrative reference resolves inside the pack
  ---
  duration_ms: 2.4485
  type: 'test'
  ...
# Subtest: declared data implications cover everything the phrase scan actually found
ok 784 - declared data implications cover everything the phrase scan actually found
  ---
  duration_ms: 1.6432
  type: 'test'
  ...
# Subtest: the fixture exercises the unbound case this schema exists for
ok 785 - the fixture exercises the unbound case this schema exists for
  ---
  duration_ms: 1.4303
  type: 'test'
  ...
# Subtest: no claim over non-authority data is presented as fact
ok 786 - no claim over non-authority data is presented as fact
  ---
  duration_ms: 20.3108
  type: 'test'
  ...
# Subtest: a claim true of the software and false of the data cannot be marked bound
ok 787 - a claim true of the software and false of the data cannot be marked bound
  ---
  duration_ms: 6.0157
  type: 'test'
  ...
# Subtest: regulated copy cannot declare zero data implications
ok 788 - regulated copy cannot declare zero data implications
  ---
  duration_ms: 4.3074
  type: 'test'
  ...
# Subtest: a statement that renders data must say where the data came from
ok 789 - a statement that renders data must say where the data came from
  ---
  duration_ms: 4.3717
  type: 'test'
  ...
# Subtest: a claim implying real data cannot be rendered as merely unbound
ok 790 - a claim implying real data cannot be rendered as merely unbound
  ---
  duration_ms: 4.602
  type: 'test'
  ...
# Subtest: an unbound claim cannot be shown without a record and a disclosure
ok 791 - an unbound claim cannot be shown without a record and a disclosure
  ---
  duration_ms: 3.4869
  type: 'test'
  ...
# Subtest: a demo disclosure must negate something and sit beside the claim
ok 792 - a demo disclosure must negate something and sit beside the claim
  ---
  duration_ms: 10.8376
  type: 'test'
  ...
# Subtest: authority is a property of who issued the bytes, never of what they resemble
ok 793 - authority is a property of who issued the bytes, never of what they resemble
  ---
  duration_ms: 3.9667
  type: 'test'
  ...
# Subtest: a derived figure must state whether it can be reproduced
ok 794 - a derived figure must state whether it can be reproduced
  ---
  duration_ms: 6.0343
  type: 'test'
  ...
# Subtest: an unreproducible figure must be disclosed on the surface
ok 795 - an unreproducible figure must be disclosed on the surface
  ---
  duration_ms: 1.4908
  type: 'test'
  ...
# Subtest: a withheld claim cannot acquire a rendering
ok 796 - a withheld claim cannot acquire a rendering
  ---
  duration_ms: 3.1646
  type: 'test'
  ...
# Subtest: the pack cannot approve itself
ok 797 - the pack cannot approve itself
  ---
  duration_ms: 10.8775
  type: 'test'
  ...
# Subtest: the envelope is the frozen one, and EXPLAIN cannot have read LAUNCH
ok 798 - the envelope is the frozen one, and EXPLAIN cannot have read LAUNCH
  ---
  duration_ms: 13.2525
  type: 'test'
  ...
# Subtest: demo mode cannot be engaged over nothing
ok 799 - demo mode cannot be engaged over nothing
  ---
  duration_ms: 2.7818
  type: 'test'
  ...
# Subtest: the Studio surface is importable as one package entrypoint and every export resolves
ok 800 - the Studio surface is importable as one package entrypoint and every export resolves
  ---
  duration_ms: 7.891
  type: 'test'
  ...
# Subtest: the boundary re-exports existing implementations instead of forking them
ok 801 - the boundary re-exports existing implementations instead of forking them
  ---
  duration_ms: 3.0394
  type: 'test'
  ...
# Subtest: the capability report names its own gaps and cannot claim standalone readiness while one is open
ok 802 - the capability report names its own gaps and cannot claim standalone readiness while one is open
  ---
  duration_ms: 0.6336
  type: 'test'
  ...
# Subtest: the declared gaps match the repository: edit and reference ingestion genuinely have no implementation
ok 803 - the declared gaps match the repository: edit and reference ingestion genuinely have no implementation
  ---
  duration_ms: 358.3342
  type: 'test'
  ...
# Subtest: canonical payload encoding and hashing are independent of object key insertion order
ok 804 - canonical payload encoding and hashing are independent of object key insertion order
  ---
  duration_ms: 3.4854
  type: 'test'
  ...
# Subtest: canonical payload encoding rejects lossy, cyclic, sparse, or non-plain values
ok 805 - canonical payload encoding rejects lossy, cyclic, sparse, or non-plain values
  ---
  duration_ms: 1.3516
  type: 'test'
  ...
# Subtest: payload factories bind exact candidate identity and canonical evidence references
ok 806 - payload factories bind exact candidate identity and canonical evidence references
  ---
  duration_ms: 5.7128
  type: 'test'
  ...
# Subtest: trusted detached Ed25519 attestations verify only through purpose-scoped trust entries
ok 807 - trusted detached Ed25519 attestations verify only through purpose-scoped trust entries
  ---
  duration_ms: 12.4538
  type: 'test'
  ...
# Subtest: external gate payload binds exact verdict body and canonical underlying evidence root
ok 808 - external gate payload binds exact verdict body and canonical underlying evidence root
  ---
  duration_ms: 0.5837
  type: 'test'
  ...
# Subtest: ProofLoop evidence roots bind decisive-evidence order
ok 809 - ProofLoop evidence roots bind decisive-evidence order
  ---
  duration_ms: 0.4026
  type: 'test'
  ...
# Subtest: trusted-key env JSON requires externally supplied, purpose-scoped Ed25519 public PEM values
ok 810 - trusted-key env JSON requires externally supplied, purpose-scoped Ed25519 public PEM values
  ---
  duration_ms: 3.5746
  type: 'test'
  ...
# Subtest: verification rejects payload and signed-metadata tampering
ok 811 - verification rejects payload and signed-metadata tampering
  ---
  duration_ms: 1.7866
  type: 'test'
  ...
# Subtest: verification rejects unknown keys and never accepts an embedded candidate key
ok 812 - verification rejects unknown keys and never accepts an embedded candidate key
  ---
  duration_ms: 1.7781
  type: 'test'
  ...
# Subtest: verification rejects malformed timestamps, malformed signatures, and future attestations
ok 813 - verification rejects malformed timestamps, malformed signatures, and future attestations
  ---
  duration_ms: 1.7146
  type: 'test'
  ...
# Subtest: verification enforces the caller's expected attestation purpose
ok 814 - verification enforces the caller's expected attestation purpose
  ---
  duration_ms: 1.0317
  type: 'test'
  ...
# Subtest: a valid signature is rejected when its key is not trusted for that payload purpose
ok 815 - a valid signature is rejected when its key is not trusted for that payload purpose
  ---
  duration_ms: 0.8712
  type: 'test'
  ...
# Subtest: offline commands sign from a private-key file and verify from the external trust env
ok 816 - offline commands sign from a private-key file and verify from the external trust env
  ---
  duration_ms: 465.7587
  type: 'test'
  ...
# Subtest: submission preparation accepts explicit named options
ok 817 - submission preparation accepts explicit named options
  ---
  duration_ms: 4336.2413
  type: 'test'
  ...
# Subtest: submission scripts fail clearly on unknown options
ok 818 - submission scripts fail clearly on unknown options
  ---
  duration_ms: 354.8678
  type: 'test'
  ...
# Subtest: operator templates track the complete current submission contract
ok 819 - operator templates track the complete current submission contract
  ---
  duration_ms: 561.7243
  type: 'test'
  ...
# Subtest: all decisive submission verdict schemas accept the exact fixture contracts
ok 820 - all decisive submission verdict schemas accept the exact fixture contracts
  ---
  duration_ms: 21735.3718
  type: 'test'
  ...
# Subtest: decisive verdict schemas reject non-RFC3339 date-time values
ok 821 - decisive verdict schemas reject non-RFC3339 date-time values
  ---
  duration_ms: 404.7992
  type: 'test'
  ...
# Subtest: decisive verdict schemas reject unknown top-level and release-candidate fields
ok 822 - decisive verdict schemas reject unknown top-level and release-candidate fields
  ---
  duration_ms: 448.9978
  type: 'test'
  ...
# Subtest: decisive verdict schemas require their complete evidence-bearing structures
ok 823 - decisive verdict schemas require their complete evidence-bearing structures
  ---
  duration_ms: 371.6842
  type: 'test'
  ...
# Subtest: all evidence-bearing verdict schemas reject non-canonical repository paths
ok 824 - all evidence-bearing verdict schemas reject non-canonical repository paths
  ---
  duration_ms: 348.9218
  type: 'test'
  ...
# Subtest: decisive schemas reject downgraded outcomes and incomplete exact evidence sets
ok 825 - decisive schemas reject downgraded outcomes and incomplete exact evidence sets
  ---
  duration_ms: 386.6551
  type: 'test'
  ...
# Subtest: externally observed verdict schemas require strict attestations and hosted preview identity
ok 826 - externally observed verdict schemas require strict attestations and hosted preview identity
  ---
  duration_ms: 372.1066
  type: 'test'
  ...
# Subtest: Supabase core profile keeps browser lifecycle access read-only and owner-scoped
ok 827 - Supabase core profile keeps browser lifecycle access read-only and owner-scoped
  ---
  duration_ms: 10.0041
  type: 'test'
  ...
# Subtest: Supabase mutation RPC derives authority, time, and artifact hash instead of accepting them
ok 828 - Supabase mutation RPC derives authority, time, and artifact hash instead of accepting them
  ---
  duration_ms: 2.0255
  type: 'test'
  ...
# Subtest: Supabase local proof rejects the obsolete caller-controlled hash overload
ok 829 - Supabase local proof rejects the obsolete caller-controlled hash overload
  ---
  duration_ms: 1.4467
  type: 'test'
  ...
# Subtest: Supabase Storage policy is private-owner-folder scoped and never mutates metadata
ok 830 - Supabase Storage policy is private-owner-folder scoped and never mutates metadata
  ---
  duration_ms: 3.0532
  type: 'test'
  ...
# Subtest: Supabase worker module is opt-in, durable, server-only, and schedule-neutral
ok 831 - Supabase worker module is opt-in, durable, server-only, and schedule-neutral
  ---
  duration_ms: 2.8954
  type: 'test'
  ...
# Subtest: the developer lane excludes acceptance-volume suites while the complete gate retains them
ok 832 - the developer lane excludes acceptance-volume suites while the complete gate retains them
  ---
  duration_ms: 396.3101
  type: 'test'
  ...
# Subtest: the repository ships the three tours the HUMAN-READY packet names
ok 833 - the repository ships the three tours the HUMAN-READY packet names
  ---
  duration_ms: 1.9402
  type: 'test'
  ...
# Subtest: 01-primary-user-flow.tour points at real files, real lines, and the code it claims
ok 834 - 01-primary-user-flow.tour points at real files, real lines, and the code it claims
  ---
  duration_ms: 14.3196
  type: 'test'
  ...
# Subtest: 02-agent-execution.tour points at real files, real lines, and the code it claims
ok 835 - 02-agent-execution.tour points at real files, real lines, and the code it claims
  ---
  duration_ms: 6.9529
  type: 'test'
  ...
# Subtest: 03-debug-and-recovery.tour points at real files, real lines, and the code it claims
ok 836 - 03-debug-and-recovery.tour points at real files, real lines, and the code it claims
  ---
  duration_ms: 4.7562
  type: 'test'
  ...
# Subtest: the trust-surface gate is probed in all three directions, on every run
ok 837 - the trust-surface gate is probed in all three directions, on every run
  ---
  duration_ms: 2634.4965
  type: 'test'
  ...
# Subtest: every ui-gate is reachable from npm, so none can quietly stop running
ok 838 - every ui-gate is reachable from npm, so none can quietly stop running
  ---
  duration_ms: 0.7087
  type: 'test'
  ...
# Subtest: the same action spelled two ways is caught, with both sites named
ok 839 - the same action spelled two ways is caught, with both sites named
  ---
  duration_ms: 1.8655
  type: 'test'
  ...
# Subtest: one verb used consistently passes, however many times it appears
ok 840 - one verb used consistently passes, however many times it appears
  ---
  duration_ms: 1.484
  type: 'test'
  ...
# Subtest: an emoji standing in for an icon is caught
ok 841 - an emoji standing in for an icon is caught
  ---
  duration_ms: 0.5252
  type: 'test'
  ...
# Subtest: a word that merely contains a verb is not a false positive
ok 842 - a word that merely contains a verb is not a false positive
  ---
  duration_ms: 0.2787
  type: 'test'
  ...
# Subtest: nothing supplied is reported as nothing checked, not as a pass
ok 843 - nothing supplied is reported as nothing checked, not as a pass
  ---
  duration_ms: 0.2517
  type: 'test'
  ...
# Subtest: imports a pinned Understand Anything code graph as a namespaced snapshot
ok 844 - imports a pinned Understand Anything code graph as a namespaced snapshot
  ---
  duration_ms: 1790.422
  type: 'test'
  ...
# Subtest: queries the imported graph without treating it as an autonomous write authority
ok 845 - queries the imported graph without treating it as an autonomous write authority
  ---
  duration_ms: 1659.8966
  type: 'test'
  ...
# Subtest: rejects stale or falsely pinned Understand Anything graphs
ok 846 - rejects stale or falsely pinned Understand Anything graphs
  ---
  duration_ms: 1896.9995
  type: 'test'
  ...
# Subtest: the fixture repo files under the right questions, validates, and node_modules stays invisible
ok 847 - the fixture repo files under the right questions, validates, and node_modules stays invisible
  ---
  duration_ms: 260.0825
  type: 'test'
  ...
# Subtest: an unrecognized contract-shaped file is UNFILED — listed, never dropped
ok 848 - an unrecognized contract-shaped file is UNFILED — listed, never dropped
  ---
  duration_ms: 23.7114
  type: 'test'
  ...
# Subtest: check refuses a repo with artifacts and no map, passes after index, refuses again when the repo moves on
ok 849 - check refuses a repo with artifacts and no map, passes after index, refuses again when the repo moves on
  ---
  duration_ms: 39.5295
  type: 'test'
  ...
# Subtest: a truthful map with an UNFILED artifact still refuses — visibility is not a pass
ok 850 - a truthful map with an UNFILED artifact still refuses — visibility is not a pass
  ---
  duration_ms: 31.846
  type: 'test'
  ...
# Subtest: bulk evidence aggregates to one counted row, and new receipts still trip freshness
ok 851 - bulk evidence aggregates to one counted row, and new receipts still trip freshness
  ---
  duration_ms: 122.5868
  type: 'test'
  ...
# Subtest: an empty repository needs no map — nothing to navigate is not a refusal
ok 852 - an empty repository needs no map — nothing to navigate is not a refusal
  ---
  duration_ms: 2.0103
  type: 'test'
  ...
# Subtest: operator compiles only canonical refs and digests into a disposable index
ok 853 - operator compiles only canonical refs and digests into a disposable index
  ---
  duration_ms: 37.7294
  type: 'test'
  ...
# Subtest: tampering and authority-bearing cache fields fail closed
ok 854 - tampering and authority-bearing cache fields fail closed
  ---
  duration_ms: 42.944
  type: 'test'
  ...
# Subtest: burst and sustained rebuilds stay bounded and converge without session authority
ok 855 - burst and sustained rebuilds stay bounded and converge without session authority
  ---
  duration_ms: 2179.5317
  type: 'test'
  ...
# Subtest: input order and equal-sequence checkpoint races compile to one byte-stable projection
ok 856 - input order and equal-sequence checkpoint races compile to one byte-stable projection
  ---
  duration_ms: 30.2694
  type: 'test'
  ...
# Subtest: negative checkpoint sequences fail closed instead of becoming a false latest checkpoint
ok 857 - negative checkpoint sequences fail closed instead of becoming a false latest checkpoint
  ---
  duration_ms: 3.1237
  type: 'test'
  ...
1..857
# tests 857
# suites 0
# pass 856
# fail 1
# cancelled 0
# skipped 0
# todo 0
# duration_ms 67526.7852
